<?xml version="1.0" encoding="UTF-8"?>
<product>
	<name>EXA Inc. BaseKit</name>
	<version>
		<major>7</major>
		<minor>6</minor>
		<modlevel>1</modlevel>
		<patch>2</patch>
		<build>20220523-001</build>
	</version>
	<dbmaxvarname>DBCUST</dbmaxvarname>
	<dbscripts>cust</dbscripts>
	<dbversion>V7612-01</dbversion>
	<lastdbversion>V7612-0</lastdbversion>
	<extensions>
		<field objectname='WORKORDER' attributename='JPNUM'>jp.co.exa_corp.app.workorder.ExFldWOJobPlan</field>
	</extensions>
</product>
