<?xml version="1.0" encoding="UTF-8"?>
<product>
	<name>EXA Inc. BaseKit</name>
	<version>
		<major>7</major>
		<minor>6</minor>
		<modlevel>1</modlevel>
		<patch>2</patch>
		<build>20220624-001</build>
	</version>
	<dbmaxvarname>BASEKIT</dbmaxvarname>
	<dbscripts>basekit</dbscripts>
	<dbversion>V7612-0</dbversion>
	<lastdbversion>V7612-0</lastdbversion>
	<extensions>
        <field objectname='ASSET' attributename='ASSETTYPE'>jp.co.exa_corp.app.asset.EXFldAssetAssetType</field>
	</extensions>
</product>
