<?xml version="1.0" encoding="UTF-8"?>
<product>
	<name>EXA Inc. BaseKit</name>
	<version>
		<major>8</major>
		<minor>3</minor>
		<modlevel>0</modlevel>
		<patch>0</patch>
		<build>20220622-001</build>
	</version>
	<dbmaxvarname>BASEKIT</dbmaxvarname>
	<dbscripts>baskit</dbscripts>
	<dbversion>V8300-00</dbversion>
	<lastdbversion>V8300-00</lastdbversion>
	<extensions>
        <mbo objectname='MR'>jp.co.exa_corp.app.mr.ExMR</mbo>
        <mboset objectname='MR'>jp.co.exa_corp.app.mr.ExMRSet</mboset>
        <mbo objectname='PR'>jp.co.exa_corp.app.pr.ExPR</mbo>
        <mboset objectname='PR'>jp.co.exa_corp.app.pr.ExPRSet</mboset>
        <mbo objectname='SR'>jp.co.exa_corp.app.ticket.ExSR</mbo>
        <mboset objectname='SR'>jp.co.exa_corp.app.ticket.ExSRSet</mboset>
        <mbo objectname='WORKORDER'>jp.co.exa_corp.app.workorder.ExWO</mbo>
        <mboset objectname='WORKORDER'>jp.co.exa_corp.app.workorder.ExWOSet</mboset>
        <field objectname='JOBMATERIAL' attributename='UNITCOST'>jp.co.exa_corp.app.jobplan.ExFldJobMaterialUnitCost</field>
        <field objectname='WORKORDER' attributename='JPNUM'>jp.co.exa_corp.app.workorder.ExFldWOJobPlan</field>
        <field objectname='WORKORDER' attributename='OWNERGROUP'>jp.co.exa_corp.app.workorder.ExFldWOPersonGroup</field>
	</extensions>
</product>
