<?xml version="1.0" encoding="UTF-8"?>
<product>
	<name>EXA Inc. BaseKit</name>
	<version>
		<major>7</major>
		<minor>6</minor>
		<modlevel>1</modlevel>
		<patch>2</patch>
		<build>20220622-001</build>
	</version>
	<dbmaxvarname>BASEKIT</dbmaxvarname>
	<dbscripts>basekit</dbscripts>
	<dbversion>V7612-00</dbversion>
	<lastdbversion>V7612-00</lastdbversion>
	<extensions>
        <field objectname='WORKORDER' attributename='JPNUM'>jp.co.exa_corp.app.workorder.ExFldWOJobPlan</field>
        <field objectname='WORKORDER' attributename='OWNERGROUP'>jp.co.exa_corp.app.workorder.ExFldWOPersonGroup</field>
	</extensions>
</product>
