<?xml version="1.0" encoding="UTF-8"?>
<product>
	<name>EXA Inc. BaseKit</name>
	<version>
		<major>8</major>
		<minor>3</minor>
		<modlevel>0</modlevel>
		<patch>0</patch>
		<build>20220711-001</build>
	</version>
	<dbmaxvarname>BASEKIT</dbmaxvarname>
	<dbscripts>basekit</dbscripts>
	<dbversion>V8300-01/dbversion>
	<lastdbversion>V8300-0</lastdbversion>
	<extensions>
        <field objectname='WORKORDER' attributename='JPNUM'>jp.co.exa_corp.app.workorder.ExFldWOJobPlan</field>
	</extensions>
</product>
