<?xml version="1.0" encoding="UTF-8"?>

<presentation apphelp="com.ibm.mbs.doc,quickrep/c_quick_rep_app.html" beanclass="psdi.webclient.beans.workorder.QuickRepAppBean" id="ex_qkrp" ismobile="false" mboname="WORKORDER" resultstableid="results_showlist" version="7.1.0.0">
	<page id="mainrec" scroll="false">
		<include controltoclone="pageHeader" id="INCLUDE-pageHeader"/>
		<clientarea id="clientarea">
			<defaultvalue dataattribute="WORKTYPE" defaulttype="insert" id="1471928882745" value="CM"/>
			<tabgroup id="maintabs" style="form">
				<tab default="true" id="results" label="一覧" type="list">
					<menubar event="search" id="actiontoolbar" sourcemethod="getAppSearchOptions"/>
					<table apprestrictions="worktype='BM'" datasrc="results_showlist" id="results_showlist" inputmode="readonly" label="故障報告" mboname="WORKORDER" selectmode="multiple">
						<tablebody displayrowsperpage="20" filterable="true" filterexpanded="true" id="results_showlist_tablebody">
							<tablecol dataattribute="wonum" filterable="false" id="results_showlist_tablebody_1" mxevent="toggleselectrow" mxevent_desc="行 {0} の選択" sortable="false" type="event"/>
							<tablecol dataattribute="wonum" id="results_showlist_tablebody_2" label="故障報告書番号" mxevent="selectrecord" mxevent_desc="%1 へ移動" type="link"/>
							<tablecol dataattribute="description" id="results_showlist_tablebody_3"/>
							<tablecol applink="location,ipc" dataattribute="location" id="results_showlist_tablebody_4" lookup="locations" menutype="locations"/>
							<tablecol applink="asset,ipc" dataattribute="assetnum" id="results_showlist_tablebody_5" label="資産" lookup="asset" menutype="assetmain"/>
							<tablecol dataattribute="ASSET.DESCRIPTION" id="1442067428119" label="資産名"/>
							<tablecol dataattribute="status" id="results_showlist_tablebody_6" lookup="valuelist"/>
							<tablecol dataattribute="FAILDATE" id="results_showlist_tablebody_7" lookup="datelookup"/>
							<tablecol dataattribute="wopriority" id="results_showlist_tablebody_8"/>
							<tablecol dataattribute="siteid" id="results_showlist_tablebody_9" lookup="site"/>
							<tablecol filterable="false" id="results_bookmark" mxevent="BOOKMARK" mxevent_desc="ブックマークに追加" mxevent_icon="btn_addtobookmarks.gif" sortable="false" type="event"/>
						</tablebody>
					</table>
				</tab>
				<tab id="main" label="故障報告書" type="insert">
					<section border="true" id="headerA_1">
						<sectionrow id="headerA_2">
							<sectioncol id="headerA_3">
								<section id="headerA_4">
									<multiparttextbox dataattribute="wonum" descdataattribute="description" id="headerA_5" label="故障報告書番号"/>
									<multiparttextbox dataattribute="location" descdataattribute="location.description" descinputmode="readonly" id="1453732700168" lookup="LOCATIONS"/>
									<multiparttextbox applink="asset,ipc" dataattribute="assetnum" descdataattribute="asset.description" descinputmode="readonly" id="main_grid3_10" label="資産" longdescreadonly="true" lookup="asset" menutype="assetmain" ondatachange="resetchildren" rechover="asset_recordhover"/>
									<textbox dataattribute="worktype" id="main_grid3_7" inputmode="readonly" lookup="worktype"/>
									<textbox dataattribute="FAILDATE" id="1442067600544" label="故障発生日" lookup="DATELOOKUP"/>
									<textbox dataattribute="REPORTDATE" id="1442067604652" label="起票日" lookup="DATELOOKUP"/>
									<textbox dataattribute="EX_DOWNTIME" id="1466584573618"/>
								</section>
							</sectioncol>
							<sectioncol id="headerA_6">
								<section id="headerA_7">
									<textbox dataattribute="status" id="headerA_8" moreinformation="com.ibm.mbs.doc,mbs_common/c_wo_status.html"/>
									<textbox dataattribute="statusdate" id="main_grid4_8"/>
									<textbox dataattribute="CHANGEDATE" id="1442067591603" label="最終更新日" lookup="DATELOOKUP"/>
									<checkbox dataattribute="EX_TRANSFER_S" id="1442068139415"/>
									<textbox dataattribute="EX_TRANSFER" id="1442068185004"/>
								</section>
								<section id="1466583427587" label="コスト">
									<textbox dataattribute="ACTLABHRS" id="1466583498009" inputmode="readonly" label="作業工数"/>
									<textbox dataattribute="acttotalcost" id="1466583492790" inputmode="readonly" label="作業コスト"/>
								</section>
							</sectioncol>
							<sectioncol id="headerA_9">
								<section id="headerA_10">
									<textbox dataattribute="siteid" id="headerA_11" inputmode="readonly"/>
									<attachments id="doclinks"/>
									<checkbox dataattribute="apptrequired" id="main_grid9_19" licensekey="SCHEDULER_OPT"/>
								</section>
							</sectioncol>
						</sectionrow>
					</section>
					<section id="1442061078346">
						<sectionrow id="14420610783462">
							<sectioncol id="14420610783463">
								<section id="14420610783464" label="現象">
									<textbox dataattribute="EX_PHENOMENON_TITLE" id="14420610783465" label="現象"/>
									<multilinetextbox columns="50" dataattribute="EX_PHENOMENON" hidelabel="true" id="1442061078363" rows="5"/>
								</section>
							</sectioncol>
							<sectioncol id="14420610783632">
								<section id="14420610783633" label="対応・作業内容">
									<textbox dataattribute="EX_CORRESPONDENCE_CODE" id="14420610783634" label="対応" lookup="VALUElist"/>
									<multilinetextbox columns="50" dataattribute="EX_CORRESPONDENCE" hidelabel="true" id="14420610783635" rows="5"/>
								</section>
							</sectioncol>
							<sectioncol id="14420610783636"/>
						</sectionrow>
						<sectionrow id="14420610783637">
							<sectioncol id="14420610783638">
								<section id="14420610783639" label="原因">
									<textbox dataattribute="EX_CAUSE_CODE" id="1442061078380" label="原因" lookup="VALUELIST"/>
									<multilinetextbox columns="50" dataattribute="EX_CAUSE" hidelabel="true" id="14420610783802" rows="5"/>
								</section>
							</sectioncol>
							<sectioncol id="14420610783803">
								<section id="14420610783804" label="特記">
									<multilinetextbox columns="50" dataattribute="EX_COMMENT" id="14420610783805" rows="6"/>
								</section>
							</sectioncol>
							<sectioncol id="14420610783806"/>
						</sectionrow>
					</section>
					<table beanclass="psdi.webclient.beans.common.MultiAssetLocCIBean" id="work_multiassetlocci_table" label="複数の資産、ロケーションおよび CI" relationship="MULTIASSETLOCCI">
						<tablebody displayrowsperpage="5" filterable="true" id="work_multiassetlocci_table_tablebody">
							<tablecol filterable="false" id="work_multiassetlocci_table_tablebody_0" mxevent="toggledetailstate" mxevent_desc="詳細の表示" sortable="false" type="event"/>
							<tablecol applink="asset,ipc" dataattribute="assetnum" id="work_multiassetlocci_table_tablebody_1" lookup="asset" menutype="multiasset"/>
							<tablecol applink="location,ipc" dataattribute="Location" id="work_multiassetlocci_table_tablebody_2" lookup="locations" menutype="multiloc"/>
							<tablecol applink="ci" dataattribute="cinum" id="work_multiassetlocci_table_tablebody_3" lookup="ci" menutype="multici"/>
							<tablecol dataattribute="targetdesc" id="work_multiassetlocci_table_tablebody_4"/>
							<tablecol dataattribute="sequence" id="work_multiassetlocci_table_tablebody_5"/>
							<tablecol dataattribute="progress" id="work_multiassetlocci_table_tablebody_6"/>
							<tablecol dataattribute="siteid" id="main_multiassetlocci_table_tablebody_8" lookup="site"/>
							<tablecol filterable="false" id="work_multiassetlocci_table_tablebody_7" mxevent="toggledeleterow" mxevent_desc="行を削除対象にマーク" mxevent_icon="btn_garbage.gif" sortable="false" type="event"/>
						</tablebody>
						<tabledetails id="main_asset_table_1">
							<section id="main_asset_table_1_grid11" label="詳細">
								<sectionrow id="main_grid7_row1">
									<sectioncol id="main_grid7_row1_col1">
										<section id="activity_labor_1_grid7_col1">
											<multiparttextbox applink="asset,ipc" dataattribute="assetnum" defaultfocus="true" descdataattribute="asset.description" descinputmode="readonly" id="main_asset_table_1_grid11_1" lookup="asset" menutype="multiasset"/>
											<textbox applink="feature" dataattribute="feature" id="main_asset_table_1_grid11_10" lookup="assetfeature" menutype="normal" sigoption="WMLINEAR"/>
											<textbox dataattribute="featurelabel" id="main_asset_table_1_grid11_11" sigoption="WMLINEAR"/>
											<multiparttextbox applink="location,ipc" dataattribute="location" descdataattribute="location.description" descinputmode="readonly" id="main_asset_table_1_grid11_5" lookup="locations" menutype="multiloc"/>
											<multiparttextbox applink="ci" dataattribute="cinum" descdataattribute="ci.description" descinputmode="readonly" id="main_asset_table_1_grid11_6" lookup="ci" menutype="multici"/>
											<textbox dataattribute="targetdesc" id="main_asset_table_1_grid11_8" lookup="longdesc"/>
											<textbox dataattribute="comments" id="main_asset_table_1_grid11_8a" lookup="longdesc"/>
										</section>
									</sectioncol>
									<sectioncol id="main_grid7_row1_col2">
										<section id="main_asset_table_1_grid7_col2">
											<textbox dataattribute="sequence" id="main_asset_table_1_grid11_3"/>
											<checkbox dataattribute="progress" id="main_asset_table_1_grid11_7"/>
											<textbox dataattribute="siteid" id="main_asset_table_1_grid11_9" lookup="site"/>
										</section>
									</sectioncol>
								</sectionrow>
							</section>
							<include controltoclone="lineardetails" id="wo_malocci_lineardetails"/>
						</tabledetails>
						<buttongroup id="work_multiassetlocci_table_2">
							<pushbutton id="selectbutton" label="選択" menutype="SELECT" targetid="work_multiassetlocci_table"/>
							<pushbutton id="work_multiassetlocci_table_2_5" label="すべてクリア" mxevent="clearall"/>
							<pushbutton default="true" id="work_multiassetlocci_table_2_2" label="新規行" mxevent="addrow"/>
						</buttongroup>
					</table>
					<table beanclass="psdi.webclient.beans.workorder.MultiAssetLocCIPrBean" id="work_multiassetloccipr_table" label="進捗" relationship="MULTIASSETLOCCIPR" sigoption="LINRPROG" sigoptiondatasrc="MAINRECORD">
						<tablebody displayrowsperpage="5" filterable="true" id="work_multiassetloccipr_table_tablebody">
							<tablecol filterable="false" id="work_multiassetloccipr_table_tablebody_0" mxevent="toggledetailstate" mxevent_desc="詳細の表示" sortable="false" type="event"/>
							<tablecol applink="asset,ipc" dataattribute="assetnum" id="work_multiassetlocci_table_tablebody_1a" lookup="malocci" menutype="assetmain" sortable="true"/>
							<tablecol applink="feature" dataattribute="feature" id="work_multiassetlocci_table_tablebody_1b" lookup="malocci" menutype="normal" sortable="true"/>
							<tablecol dataattribute="sequence" id="work_multiassetloccipr_table_tablebody_1"/>
							<tablecol dataattribute="startmeasure" id="work_multiassetloccipr_table_tablebody_3"/>
							<tablecol dataattribute="endmeasure" id="work_multiassetloccipr_table_tablebody_4"/>
							<tablecol filterable="false" id="work_multiassetloccipr_table_tablebody_7" mxevent="toggledeleterow" mxevent_desc="行を削除対象にマーク" mxevent_icon="btn_garbage.gif" sortable="false" type="event"/>
						</tablebody>
						<tabledetails id="main_malocpr_table_1">
							<section id="main_malocpr_table_1_grid1" label="詳細">
								<sectionrow id="main_malocpr_grid1_row1">
									<sectioncol id="main_malocpr_grid1_row1_col1">
										<section id="main_malocpr_grid1_row1_col1_sec1">
											<textbox applink="asset,ipc" dataattribute="assetnum" defaultfocus="true" id="main_malocpr_table_1_grid1_1" lookup="malocci" menutype="normal"/>
										</section>
									</sectioncol>
									<sectioncol id="main_malocpr_grid1_row1_col2">
										<section id="main_malocpr_grid1_row1_col2_sec1">
											<textbox applink="feature" dataattribute="feature" id="main_malocpr_table_1_grid1_2" lookup="malocci" menutype="normal"/>
											<textbox dataattribute="featurelabel" id="main_malocpr_table_1_grid1_3"/>
										</section>
									</sectioncol>
								</sectionrow>
								<sectionrow id="main_malocpr_grid1_row2">
									<sectioncol id="main_malocpr_grid1_row2_col1">
										<section border="true" description="開始" id="lineardetailspr1">
											<textbox dataattribute="startfeaturelabel" id="lineardetailsattr_pr_1" lookup="assetfeature" menutype="normal"/>
											<multiparttextbox dataattribute="startoffset" descdataattribute="linearasset.linearrefmethod.offsetmeasureunitid" descinputmode="readonly" id="lineardetailsattr_pr_2" label="オフセット"/>
											<multiparttextbox dataattribute="startmeasure" descdataattribute="linearasset.linearrefmethod.measureunitid" descinputmode="readonly" id="lineardetailsattr_pr_3" label="計測"/>
											<textbox dataattribute="changeby" id="lineardetailsattr_pr_4"/>
										</section>
									</sectioncol>
									<sectioncol id="main_malocpr_grid1_row2_col2">
										<section border="true" description="終了" id="lineardetailspr2">
											<textbox dataattribute="endfeaturelabel" id="lineardetailsattr_pr_8" lookup="assetfeature" menutype="normal"/>
											<multiparttextbox dataattribute="endoffset" descdataattribute="linearasset.linearrefmethod.offsetmeasureunitid" descinputmode="readonly" id="lineardetailsatt_prr_9" label="オフセット"/>
											<multiparttextbox dataattribute="endmeasure" descdataattribute="linearasset.linearrefmethod.measureunitid" descinputmode="readonly" id="lineardetailsattr_pr_10" label="計測"/>
											<textbox dataattribute="changedate" id="lineardetailsattr_pr_11"/>
										</section>
									</sectioncol>
								</sectionrow>
							</section>
						</tabledetails>
						<buttongroup id="work_multiassetloccipr_table_2">
							<pushbutton default="true" id="work_multiassetloccipr_table_2_1" label="新規行" mxevent="addrow"/>
						</buttongroup>
					</table>
					<table beanclass="psdi.webclient.beans.workorder.QuickRepTasksBean" id="main_quicktask_table" label="タスク" orderby="taskid" relationship="SHOWTASKS">
						<tablebody displayrowsperpage="6" filterable="true" id="main_quicktask_table_tablebody">
							<tablecol filterable="false" id="main_quicktask_table_tablebody_1" mxevent="toggledetailstate" mxevent_desc="詳細の表示" sortable="false" type="event"/>
							<tablecol dataattribute="taskid" id="main_quicktask_table_tablebody_2"/>
							<tablecol dataattribute="description" id="main_quicktask_table_tablebody_3" lookup="longdesc"/>
							<tablecol dataattribute="estdur" id="main_quicktask_table_tablebody_4" linkedcontrolid="main_quicktask_table_1_grid30_4"/>
							<tablecol dataattribute="pointnum" id="main_quicktask_table_tablebody_5" linkedcontrolid="main_quicktask_table_1_grid31_3"/>
							<tablecol dataattribute="measurementvalue" id="main_quicktask_table_tablebody_6" linkedcontrolid="main_quicktask_table_1_grid31_4"/>
							<tablecol dataattribute="measuredate" id="main_quicktask_table_tablebody_7" linkedcontrolid="main_quicktask_table_1_grid31_5"/>
							<tablecol dataattribute="route" id="main_quicktask_table_tablebody_8" inputmode="readonly"/>
							<tablecol dataattribute="routestopid" id="main_quicktask_table_tablebody_9" inputmode="readonly"/>
							<tablecol dataattribute="status" id="main_quicktask_table_tablebody_10" linkedcontrolid="main_quicktask_table_1_grid32_13"/>
							<tablecol filterable="false" id="main_quicktask_table_tablebody_11" mxevent="taskstatus" mxevent_desc="ステータスの変更" mxevent_icon="changestatus_whitebg.gif" sortable="false" type="event"/>
							<tablecol filterable="false" id="main_quicktask_table_tablebody_12" mxevent="toggledeleterow" mxevent_desc="行を削除対象にマーク" mxevent_icon="btn_garbage.gif" sortable="false" type="event"/>
						</tablebody>
						<tabledetails id="main_quicktask_table_1">
							<section id="main_quicktask_a">
								<sectionrow id="main_quicktask_b">
									<sectioncol id="main_quicktask_c">
										<section id="main_quicktask_table_1_grid30" label="タスク情報">
											<sectionrow id="main_quicktask_k">
												<sectioncol id="main_quicktask_l">
													<section id="main_quicktask_table_1_grid32">
														<textbox dataattribute="wosequence" id="main_quicktask_table_1_grid30_3"/>
													</section>
												</sectioncol>
												<sectioncol id="main_quicktask_m">
													<section id="main_quicktask_table_1_grid33">
														<multiparttextbox dataattribute="taskid" descdataattribute="description" desclookup="longdesc" id="main_quicktask_table_1_grid30_1"/>
													</section>
												</sectioncol>
												<sectioncol id="main_quicktask_n">
													<section id="main_quicktask_table_1_grid34">
														<textbox dataattribute="estdur" id="main_quicktask_table_1_grid30_4"/>
														<blankline id="main_quicktask_table_1_grid30_blkline"/>
													</section>
												</sectioncol>
												<sectioncol id="main_quicktask_o">
													<section id="main_quicktask_table_1_grid38">
														<checkbox dataattribute="parentchgsstatus" id="main_quicktask_6"/>
														<checkbox dataattribute="woacceptscharges" id="main_quicktask_table_1_grid30_5"/>
													</section>
												</sectioncol>
											</sectionrow>
										</section>
									</sectioncol>
								</sectionrow>
							</section>
							<section id="main_quicktask_d">
								<sectionrow id="main_quicktask_e">
									<sectioncol id="main_quicktask_f">
										<section id="main_quicktask_table_1_grid35" label="作業参照情報">
											<textbox dataattribute="wonum" id="main_quicktask_table_1_grid32_12" inputmode="readonly" label="参照作業指示書" menutype="hyperlink"/>
											<textbox dataattribute="status" id="main_quicktask_table_1_grid32_13"/>
											<multiparttextbox applink="location,ipc" dataattribute="location" descdataattribute="location.description" descinputmode="readonly" desclookup="longdesc" id="main_quicktask_table_1_grid32_8" longdescreadonly="true" lookup="locations" menutype="locations"/>
											<multiparttextbox applink="asset,ipc" dataattribute="assetnum" descdataattribute="asset.description" descinputmode="readonly" desclookup="longdesc" id="main_quicktask_table_1_grid32_10" longdescreadonly="true" lookup="asset" menutype="assetmain"/>
											<textbox dataattribute="commoditygroup" id="main_quicktask_table_1_taskeqmove_1_1_service2_1" lookup="servicegroup"/>
											<textbox dataattribute="commodity" id="main_quicktask_table_1_taskeqmove_1_1_service2_2" lookup="service"/>
										</section>
									</sectioncol>
									<sectioncol id="amain_quicktask_g">
										<section id="main_quicktask_table_1_grid31" label="計測情報">
											<textbox dataattribute="observation" id="main_quicktask_table_1_grid31_1"/>
											<textbox applink="person" dataattribute="inspector" id="main_quicktask_table_1_grid31_2" lookup="person" menutype="normal"/>
											<textbox applink="cond" applinkreturn="pointnum" dataattribute="pointnum" id="main_quicktask_table_1_grid31_3" lookup="measurementpoint" menutype="normal"/>
											<textbox dataattribute="measurementvalue" id="main_quicktask_table_1_grid31_4"/>
											<textbox dataattribute="measuredate" id="main_quicktask_table_1_grid31_5" lookup="datelookup"/>
										</section>
									</sectioncol>
									<sectioncol id="amain_quicktask_h">
										<section id="main_quicktask_table_1_grid37" label="添付情報">
											<attachments event="drviewattachments" id="task_doclinks" menutype="drattachments"/>
										</section>
									</sectioncol>
								</sectionrow>
							</section>
							<section id="main_quicktask_p">
								<sectionrow id="main_quicktask_q">
									<sectioncol id="main_quicktask_r">
										<section id="amain_quicktask_table_1_grid36" label="予定情報">
											<sectionrow id="main_quicktask_s">
												<sectioncol id="main_quicktask_t">
													<section id="main_quicktask_u">
														<textbox dataattribute="targstartdate" id="main_quicktask_table_1_grid32_3" lookup="datelookup"/>
														<textbox dataattribute="targcompdate" id="main_quicktask_table_1_grid32_4" lookup="datelookup"/>
														<textbox dataattribute="schedstart" id="main_quicktask_table_1_grid32_1" lookup="datelookup"/>
														<textbox dataattribute="schedfinish" id="main_quicktask_table_1_grid32_2" lookup="datelookup"/>
													</section>
												</sectioncol>
												<sectioncol id="main_quicktask_v">
													<section id="main_quicktask_w">
														<textbox dataattribute="actstart" id="main_quicktask_table_1_grid32_5" lookup="datelookup"/>
														<textbox dataattribute="actfinish" id="main_quicktask_table_1_grid32_6" lookup="datelookup"/>
														<textbox dataattribute="remdur" id="main_quicktask_table_1_grid32_7"/>
													</section>
												</sectioncol>
											</sectionrow>
										</section>
									</sectioncol>
								</sectionrow>
							</section>
						</tabledetails>
						<buttongroup id="main_quicktask_table_2">
							<pushbutton default="true" id="main_quicktask_table_2_1" label="新規行" mxevent="addrow"/>
						</buttongroup>
					</table>
					<tabgroup id="main_quickrep">
						<tab default="true" id="main_quickrep_qclabor" label="作業員">
							<table beanclass="psdi.webclient.beans.workorder.ActualLaborBean" id="main_quickrep_qclabor_qclabor_table" label="作業員" relationship="SHOWACTUALLABOR">
								<tablebody displayrowsperpage="6" filterable="true" id="main_quickrep_qclabor_qclabor_table_tablebody">
									<tablecol filterable="false" id="main_quickrep_qclabor_qclabor_table_tablebody_1" mxevent="toggledetailstate" mxevent_desc="詳細の表示" sortable="false" type="event"/>
									<tablecol dataattribute="actualstaskid" id="main_quickrep_qclabor_qclabor_table_tablebody_2" lookup="wptask"/>
									<tablecol applink="labor" dataattribute="laborcode" id="main_quickrep_qclabor_qclabor_table_tablebody_3" lookup="laborcraftrate" menutype="laborcraftrate" smartfilloff="true"/>
									<tablecol dataattribute="labor.person.displayname" id="main_quickrep_qclabor_qclabor_table_tablebody_4" lookup="longdesc" sortable="false">
										<textbox dataattribute="labor.person.displayname" id="main_quickrep_qclabor_qclabor_table_tablebody_4a" inputmode="readonly"/>
									</tablecol>
									<tablecol dataattribute="genapprservreceipt" id="main_quickrep_qclabor_qclabor_table_tablebody_5"/>
									<tablecol dataattribute="startdate" id="main_quickrep_qclabor_qclabor_table_tablebody_6" lookup="datelookup"/>
									<tablecol dataattribute="starttime" id="main_quickrep_qclabor_qclabor_table_tablebody_7"/>
									<tablecol dataattribute="finishtime" id="main_quickrep_qclabor_qclabor_table_tablebody_8"/>
									<tablecol dataattribute="regularhrs" id="main_quickrep_qclabor_qclabor_table_tablebody_9"/>
									<tablecol dataattribute="payrate" id="main_quickrep_qclabor_qclabor_table_tablebody_10"/>
									<tablecol filterable="false" id="main_quickrep_qclabor_qclabor_table_tablebody_11" mxevent="toggledeleterow" mxevent_desc="行を削除対象にマーク" mxevent_icon="btn_garbage.gif" sortable="false" type="event"/>
								</tablebody>
								<tabledetails id="main_quickrep_qclabor_qclabor_table_details">
									<section id="main_quickrep_qclabor_qclabor_table_details_s0" label="作業員">
										<sectionrow id="main_quickrep_qclabor_qclabor_table_details_s0_sr1">
											<sectioncol id="main_quickrep_qclabor_qclabor_table_details_s0_sr1_sc1">
												<section id="main_quickrep_qclabor_qclabor_table_details_s0_sr1_sc1_s1">
													<textbox dataattribute="actualstaskid" defaultfocus="true" id="main_quickrep_qclabor_qclabor_table_details_s1_sr1_sc1_tb1" lookup="wptask" sizeintable="4"/>
													<blankline id="main_quickrep_qclabor_qclabor_table_details_s1_sr1_sc1_bl2"/>
												</section>
											</sectioncol>
											<sectioncol id="main_quickrep_qclabor_qclabor_table_details_s0_sr1_sc2">
												<section id="main_quickrep_qclabor_qclabor_table_details_s0_sr1_sc1_s2">
													<multiparttextbox applink="labor" dataattribute="laborcode" descdataattribute="labor.person.displayname" descinputmode="readonly" id="main_quickrep_qclabor_qclabor_table_details_s1_sr1_sc1_mptb2" lookup="laborcraftrate" menutype="laborcraftrate" smartfilloff="true"/>
												</section>
											</sectioncol>
											<sectioncol id="main_quickrep_qclabor_qclabor_table_details_s0_sr1_sc3">
												<section id="main_quickrep_qclabor_qclabor_table_details_s0_sr1_sc1_s3">
													<checkbox dataattribute="genapprservreceipt" id="main_quickrep_qclabor_qclabor_table_details_s1_sr1_sc2_tb4"/>
												</section>
											</sectioncol>
										</sectionrow>
									</section>
									<section id="main_quickrep_qclabor_qclabor_table_details_s1" label="詳細">
										<sectionrow id="main_quickrep_qclabor_qclabor_table_details_s1_sr1">
											<sectioncol id="main_quickrep_qclabor_qclabor_table_details_s1_sr1_sc1">
												<section id="main_quickrep_qclabor_qclabor_table_details_s1_sr1_sc1_s1">
													<textbox applink="craft" dataattribute="craft" id="main_quickrep_qclabor_qclabor_table_details_s1_sr1_sc2_tb2" lookup="laborcraftrate" menutype="craftrate" smartfilloff="true"/>
													<textbox dataattribute="skilllevel" id="main_quickrep_qclabor_qclabor_table_details_s1_sr1_sc3_tb1" lookup="laborcraftrate" menutype="craftrate" smartfilloff="true"/>
													<textbox applink="amcrew" dataattribute="amcrew" id="main_quickrep_qclabor_qclabor_table_details_s1_sr1_sc3_crew1" inputmode="readonly" licensekey="CREW" lookup="amcrews" menutype="normal" smartfilloff="true"/>
												</section>
											</sectioncol>
											<sectioncol id="main_quickrep_qclabor_qclabor_table_details_s1_sr1_sc2">
												<section id="main_quickrep_qclabor_qclabor_table_details_s1_sr1_sc2_s1">
													<textbox dataattribute="startdate" id="main_quickrep_qclabor_qclabor_table_details_s2_sr1_sc1_tb3" lookup="datelookup"/>
													<textbox dataattribute="starttime" id="main_quickrep_qclabor_qclabor_table_details_s2_sr1_sc2_tb5"/>
													<textbox dataattribute="regularhrs" id="main_quickrep_qclabor_qclabor_table_details_s1_sr1_sc2_tb6"/>
													<textbox dataattribute="payrate" id="main_quickrep_qclabor_qclabor_table_details_s11_sr1_sc3_tb4"/>
												</section>
											</sectioncol>
											<sectioncol id="main_quickrep_qclabor_qclabor_table_details_s1_sr1_sc3">
												<section id="main_quickrep_qclabor_qclabor_table_details_s1_sr1_sc1_s3">
													<textbox dataattribute="finishdate" id="main_quickrep_qclabor_qclabor_table_details_s2_sr1_sc3_tb3" lookup="datelookup"/>
													<textbox dataattribute="finishtime" id="main_quickrep_qclabor_qclabor_table_details_s2_sr1_sc1_tb4"/>
													<textbox dataattribute="linecost" id="main_quickrep_qclabor_qclabor_table_details_s1_sr1_sc3_tb6"/>
												</section>
											</sectioncol>
											<sectioncol id="main_quickrep_qclabor_qclabor_table_details_s1_sr1_sc4">
												<section id="main_quickrep_qclabor_qclabor_table_details_s1_sr1_sc1_s4">
													<textbox dataattribute="transtype" id="main_quickrep_qclabor_qclabor_table_details_s1_sr1_sc2_tb1" lookup="valuelist"/>
													<textbox dataattribute="timerstatus" id="main_quickrep_qclabor_qclabor_table_details_s2_sr1_sc1_tb6"/>
												</section>
											</sectioncol>
										</sectionrow>
									</section>
									<section id="main_quickrep_qclabor_qclabor_table_details_s2">
										<sectionrow id="main_quickrep_qclabor_qclabor_table_details_s2_sr1">
											<sectioncol id="main_quickrep_qclabor_qclabor_table_details_s2_sr1_sc1">
												<section id="main_quickrep_qclabor_qclabor_table_details_s2_sr1_sc1_s1" label="社外作業員">
													<checkbox dataattribute="outside" id="main_quickrep_qclabor_qclabor_table_details_s1_sr1_sc1_cb1"/>
													<textbox applink="company" dataattribute="vendor" id="main_quickrep_qclabor_qclabor_table_details_s1_sr1_sc1_tb2" lookup="laborcraftrate" menutype="craftrate" smartfilloff="true"/>
													<textbox applink="contlabor" dataattribute="contractnum" id="main_quickrep_qclabor_qclabor_table_details_s1_sr1_sc2_tb3" lookup="laborcraftrate" menutype="craftrate" smartfilloff="true"/>
													<textbox dataattribute="revisionnum" id="main_quickrep_qclabor_qclabor_table_details_s1_sr1_sc3_tb2" inputmode="readonly"/>
												</section>
											</sectioncol>
											<sectioncol id="main_quickrep_qclabor_qclabor_table_details_s3_sr1_sc1">
												<section id="main_quickrep_qclabor_qclabor_table_details_s3_sr1_sc1_s1" label="割増し支払い">
													<textbox dataattribute="premiumpaycode" id="main_quickrep_qclabor_qclabor_table_details_s1_sr1_sc1_tb5" lookup="ppcraftrate"/>
													<textbox dataattribute="premiumpayhours" id="main_quickrep_qclabor_qclabor_table_details_s1_sr1_sc2_tb7"/>
													<textbox dataattribute="premiumpayrate" id="main_quickrep_qclabor_qclabor_table_details_s1_sr1_sc3_tb5" inputmode="readonly"/>
													<textbox dataattribute="premiumpayratetype" id="main_quickrep_qclabor_qclabor_table_details_s1_sr1_sc2_tb8" lookup="valuelist"/>
												</section>
											</sectioncol>
											<sectioncol id="main_quickrep_qclabor_qclabor_table_details_s3_sr2_sc2">
												<section id="main_quickrep_qclabor_qclabor_table_details_s3_sr2_sc1_s2" label="請求情報">
													<textbox dataattribute="gldebitacct" id="main_quickrep_qclabor_qclabor_table_details_s1_sr1_sc2_tb9" lookup="glnavigator"/>
													<textbox dataattribute="glcreditacct" id="main_quickrep_qclabor_qclabor_table_details_s1_sr1_sc2_tb10"/>
													<textbox applink="location,ipc" dataattribute="location" descinputmode="readonly" id="main_quickrep_qclabor_qclabor_table_details_s1_sr1_sc1_mptb3" lookup="locations" menutype="locations"/>
													<textbox applink="asset,ipc" dataattribute="assetnum" descinputmode="readonly" id="main_quickrep_qclabor_qclabor_table_details_s1_sr1_sc1_mptb4" lookup="asset" menutype="assetmain"/>
													<textbox dataattribute="memo" displaytype="description" id="main_quickrep_qclabor_qclabor_table_details_s2_sr1_sc3_s1_tb1"/>
													<textbox dataattribute="paymenttransdate" id="main_quickrep_qclabor_qclabor_table_details_s1_sr1_sc2_tb11"/>
												</section>
											</sectioncol>
										</sectionrow>
									</section>
								</tabledetails>
								<buttongroup id="main_quickrep_qclabor_qclabor_table_2">
									<pushbutton id="main_quickrep_qclabor_qclabor_table_2_crew1" label="チームごとの時間の入力" licensekey="CREW" mxevent="enterbycrew"/>
									<pushbutton id="main_quickrep_qclabor_qclabor_table_2_1" label="作業員の選択" mxevent="selectlaboronactuals"/>
									<pushbutton id="main_quickrep_qclabor_qclabor_table_2_2" label="作業時間計画の選択" mxevent="aclabor"/>
									<pushbutton default="true" id="main_quickrep_qclabor_qclabor_table_2_3" label="新規行" mxevent="addrow"/>
								</buttongroup>
							</table>
						</tab>
						<tab id="actuals_actuals_acmaterials" label="資材">
							<table beanclass="psdi.webclient.beans.workorder.ActualMaterialBean" id="actuals_actuals_acmaterials_acmaterials_table" label="資材" relationship="SHOWACTUALMATERIAL">
								<tablebody displayrowsperpage="6" filterable="true" id="actuals_actuals_acmaterials_acmaterials_table_tablebody">
									<tablecol filterable="false" id="actuals_actuals_acmaterials_acmaterials_table_tablebody_1" mxevent="toggledetailstate" mxevent_desc="詳細の表示" sortable="false" type="event"/>
									<tablecol dataattribute="actualstaskid" id="actuals_actuals_acmaterials_acmaterials_table_tablebody_2" linkedcontrolid="actuals_actuals_acmaterials_acmaterials_table_1_grid7_1" sortable="false"/>
									<tablecol applink="item,inventor" dataattribute="itemnum" id="actuals_actuals_acmaterials_acmaterials_table_tablebody_3" lookup="item" menutype="ITEM"/>
									<tablecol dataattribute="description" id="actuals_actuals_acmaterials_acmaterials_table_tablebody_4" lookup="longdesc">
										<textbox dataattribute="description" id="actuals_actuals_acmaterials_acmaterials_table_tablebody_4a" inputmode="readonly"/>
									</tablecol>
									<tablecol dataattribute="issuetype" id="actuals_actuals_acmaterials_acmaterials_table_tablebody_5" linkedcontrolid="actuals_actuals_acmaterials_acmaterials_table_1_grid8_10"/>
									<tablecol dataattribute="storeloc" id="actuals_actuals_acmaterials_acmaterials_table_tablebody_6" linkedcontrolid="actuals_actuals_acmaterials_acmaterials_table_1_grid8_1"/>
									<tablecol dataattribute="positivequantity" id="actuals_actuals_acmaterials_acmaterials_table_tablebody_7" linkedcontrolid="actuals_actuals_acmaterials_acmaterials_table_1_grid8_5"/>
									<tablecol dataattribute="binnum" id="actuals_actuals_acmaterials_acmaterials_table_tablebody_8" linkedcontrolid="actuals_actuals_acmaterials_acmaterials_table_1_grid8_2"/>
									<tablecol filterable="false" id="actuals_actuals_acmaterials_acmaterials_table_tablebody_11" mxevent="toggledeleterow" mxevent_desc="行を削除対象にマーク" mxevent_icon="btn_garbage.gif" sortable="false" type="event"/>
								</tablebody>
								<tabledetails id="actuals_actuals_acmaterials_acmaterials_table_1">
									<section id="actuals_actuals_acmaterials_acmaterials_table_details_s1" label="詳細">
										<sectionrow id="actuals_actuals_acmaterials_acmaterials_table_details_s1_sr1">
											<sectioncol id="actuals_actuals_acmaterials_acmaterials_table_details_s1_sr1_sc1">
												<section id="actuals_actuals_acmaterials_acmaterials_table_1_grid7">
													<textbox dataattribute="actualstaskid" defaultfocus="true" id="actuals_actuals_acmaterials_acmaterials_table_1_grid7_1" lookup="wptask" sizeintable="4"/>
													<multiparttextbox applink="item,inventor" dataattribute="itemnum" descdataattribute="description" dynamic="true" id="actuals_actuals_acmaterials_acmaterials_table_1_grid7_2" lookup="item" menutype="ITEM" sizeintable="10"/>
													<textbox dataattribute="issuetype" dynamic="true" id="actuals_actuals_acmaterials_acmaterials_table_1_grid8_10" lookup="valuelist"/>
													<textbox applink="storeroom,ipc" dataattribute="storeloc" dynamic="true" id="actuals_actuals_acmaterials_acmaterials_table_1_grid8_1" lookup="storeroom" menutype="normal"/>
													<textbox dataattribute="siteid" id="actuals_actuals_acmaterials_acmaterials_table_1_grid8_18" lookup="site"/>
													<textbox dataattribute="positivequantity" dynamic="true" id="actuals_actuals_acmaterials_acmaterials_table_1_grid8_5" sizeintable="9"/>
													<textbox dataattribute="unitcost" dynamic="true" id="actuals_actuals_acmaterials_acmaterials_table_1_grid8_6"/>
													<textbox dataattribute="linecost" dynamic="true" id="actuals_actuals_acmaterials_acmaterials_table_1_grid8_7"/>
													<textbox dataattribute="binnum" dynamic="true" id="actuals_actuals_acmaterials_acmaterials_table_1_grid8_2" lookup="binnum"/>
												</section>
											</sectioncol>
											<sectioncol id="actuals_actuals_acmaterials_acmaterials_table_details_s1_sr1_sc2">
												<section id="actuals_actuals_acmaterials_acmaterials_table_1_grid8">
													<textbox dataattribute="lotnum" dynamic="true" id="actuals_actuals_acmaterials_acmaterials_table_1_grid8_3" lookup="invballot"/>
													<textbox dataattribute="invlot.useby" id="actuals_actuals_acmaterials_acmaterials_table_1_grid8_17" inputmode="readonly"/>
													<textbox dataattribute="item.lottype" dynamic="true" id="actuals_actuals_acmaterials_acmaterials_table_1_grid8_4" lookup="valuelist" sizeintable="8"/>
													<textbox dataattribute="conditioncode" dynamic="true" id="actuals_actuals_acmaterials_acmaterials_table_1_grid7_4" lookup="invconditioncode"/>
													<textbox dataattribute="condrate" id="actuals_actuals_acmaterials_acmaterials_table_1_grid8_15" inputmode="readonly"/>
													<checkbox dataattribute="item.conditionenabled" id="actuals_actuals_acmaterials_acmaterials_table_1_grid8_16" inputmode="readonly"/>
													<textbox dataattribute="inventory.category" dynamic="true" id="actuals_actuals_acmaterials_acmaterials_table_1_grid8_9" inputmode="readonly" lookup="valuelist"/>
													<textbox dataattribute="enterby" dynamic="true" id="actuals_actuals_acmaterials_acmaterials_table_1_grid10_5"/>
													<textbox dataattribute="actualdate" dynamic="true" id="actuals_actuals_acmaterials_acmaterials_table_1_grid10_6" lookup="datelookup"/>
												</section>
											</sectioncol>
										</sectionrow>
									</section>
									<section id="actuals_actuals_acmaterials_acmaterials_table_details_s2" label="請求情報">
										<sectionrow id="actuals_actuals_acmaterials_acmaterials_table_details_s2_sr1">
											<sectioncol id="actuals_actuals_acmaterials_acmaterials_table_details_s2_sr1_sc1">
												<section id="actuals_actuals_acmaterials_acmaterials_table_2_grid7">
													<textbox dataattribute="mrnum" dynamic="true" id="actuals_actuals_acmaterials_acmaterials_table_1_grid10_1"/>
													<textbox dataattribute="mrlinenum" dynamic="true" id="actuals_actuals_acmaterials_acmaterials_table_1_grid10_2"/>
													<multiparttextbox applink="location,ipc" dataattribute="location" descdataattribute="location.description" descinputmode="readonly" dynamic="true" id="actuals_actuals_acmaterials_acmaterials_table_1_grid9_1" longdescreadonly="true" lookup="locations" menutype="locations"/>
													<multiparttextbox applink="asset,ipc" dataattribute="assetnum" descdataattribute="asset.description" descinputmode="readonly" dynamic="true" id="actuals_actuals_acmaterials_acmaterials_table_1_grid9_3" longdescreadonly="true" lookup="asset" menutype="assetmain"/>
													<textbox applink="asset,ipc" dataattribute="rotassetnum" dynamic="true" id="actuals_actuals_acmaterials_acmaterials_table_1_grid8_12" lookup="asset" menutype="assetmain"/>
												</section>
											</sectioncol>
											<sectioncol id="actuals_actuals_acmaterials_acmaterials_table_details_s2_sr1_sc2">
												<section id="actuals_actuals_acmaterials_acmaterials_table_2_grid8">
													<textbox dataattribute="gldebitacct" dynamic="true" id="actuals_actuals_acmaterials_acmaterials_table_1_grid10_3" lookup="glnavigator"/>
													<textbox dataattribute="glcreditacct" dynamic="true" id="actuals_actuals_acmaterials_acmaterials_table_1_grid10_4" lookup="glnavigator"/>
													<combobox dataattribute="linetype" id="actuals_actuals_acmaterials_acmaterials_table_1_grid8_11"/>
													<checkbox dataattribute="outside" id="actuals_actuals_acmaterials_acmaterials_table_1_grid8_8"/>
													<textbox applink="person" dataattribute="issueto" dynamic="true" id="actuals_actuals_acmaterials_acmaterials_table_1_grid9_5" lookup="person" menutype="normal"/>
												</section>
											</sectioncol>
										</sectionrow>
									</section>
								</tabledetails>
								<buttongroup id="actuals_actuals_acmaterials_acmaterials_table_2">
									<pushbutton id="actuals_actuals_acmaterials_acmaterials_table_2_1" label="資材の選択" mxevent="selectmaterialsonactuals"/>
									<pushbutton id="actuals_actuals_acmaterials_acmaterials_table_2_2" label="予約部品の選択" mxevent="acmaterials"/>
									<pushbutton id="actuals_actuals_acmaterials_acmaterials_table_2_3" label="資産予備部品の選択" mxevent="selasparts"/>
									<pushbutton default="true" id="actuals_actuals_acmaterials_acmaterials_table_2_4" label="新規行" mxevent="addrow"/>
								</buttongroup>
							</table>
						</tab>
						<tab id="actuals_actuals_actools" label="工具">
							<table beanclass="psdi.webclient.beans.workorder.ActualToolsBean" id="actuals_actuals_actools_actools_table" label="工具" relationship="SHOWACTUALTOOL">
								<tablebody displayrowsperpage="6" filterable="true" id="actuals_actuals_actools_actools_table_tablebody">
									<tablecol filterable="false" id="actuals_actuals_actools_actools_table_tablebody_1" mxevent="toggledetailstate" mxevent_desc="詳細の表示" sortable="false" type="event"/>
									<tablecol dataattribute="actualstaskid" id="actuals_actuals_actools_actools_table_tablebody_2" linkedcontrolid="actuals_actuals_actools_actools_table_1_grid7_1" sortable="false"/>
									<tablecol applink="tool" dataattribute="itemnum" id="actuals_actuals_actools_actools_table_tablebody_3" lookup="tools" menutype="normal"/>
									<tablecol dataattribute="toolitem.description" id="actuals_actuals_actools_actools_table_tablebody_4">
										<textbox dataattribute="toolitem.description" id="actuals_actuals_actools_actools_table_tablebody_4a" inputmode="readonly" lookup="longdesc"/>
									</tablecol>
									<tablecol dataattribute="toolqty" id="actuals_actuals_actools_actools_table_tablebody_5" linkedcontrolid="actuals_actuals_actools_actools_table_1_grid8_1"/>
									<tablecol dataattribute="toolhrs" id="actuals_actuals_actools_actools_table_tablebody_6" linkedcontrolid="actuals_actuals_actools_actools_table_1_grid8_2"/>
									<tablecol dataattribute="toolrate" id="actuals_actuals_actools_actools_table_tablebody_7" linkedcontrolid="actuals_actuals_actools_actools_table_1_grid8_3"/>
									<tablecol dataattribute="linecost" id="actuals_actuals_actools_actools_table_tablebody_8" linkedcontrolid="actuals_actuals_actools_actools_table_1_grid8_4"/>
									<tablecol dataattribute="outside" id="actuals_actuals_actools_actools_table_tablebody_9" linkedcontrolid="actuals_actuals_actools_actools_table_1_grid7_4"/>
									<tablecol applink="location,ipc" dataattribute="location" id="actuals_actuals_actools_actools_table_tablebody_10" lookup="locations" menutype="locations"/>
									<tablecol filterable="false" id="actuals_actuals_actools_actools_table_tablebody_11" mxevent="toggledeleterow" mxevent_desc="行を削除対象にマーク" mxevent_icon="btn_garbage.gif" sortable="false" type="event"/>
								</tablebody>
								<tabledetails id="actuals_actuals_actools_actools_table_1">
									<section id="actuals_actuals_actools_actools_table_1_sec1" label="詳細">
										<sectionrow id="actuals_actuals_actools_actools_table_1_sec1row1">
											<sectioncol id="actuals_actuals_actools_actools_table_1_sec1row1_1">
												<section id="actuals_actuals_actools_actools_table_1_grid7">
													<textbox dataattribute="actualstaskid" defaultfocus="true" id="actuals_actuals_actools_actools_table_1_grid7_1" lookup="wptask" sizeintable="4"/>
													<multiparttextbox applink="tool" dataattribute="itemnum" descdataattribute="toolitem.description" descinputmode="readonly" dynamic="true" id="actuals_actuals_actools_actools_table_1_grid7_2" longdescreadonly="true" lookup="tools" menutype="normal"/>
													<checkbox dataattribute="outside" id="actuals_actuals_actools_actools_table_1_grid7_4"/>
													<multiparttextbox applink="location,ipc" dataattribute="location" descdataattribute="locations.description" descinputmode="readonly" dynamic="true" id="actuals_actuals_actools_actools_table_1_grid9_1" longdescreadonly="true" lookup="locations" menutype="locations"/>
													<multiparttextbox applink="asset,ipc" dataattribute="assetnum" descdataattribute="asset.description" descinputmode="readonly" dynamic="true" id="actuals_actuals_actools_actools_table_1_grid9_3" longdescreadonly="true" lookup="asset" menutype="assetmain"/>
													<textbox applink="asset,ipc" dataattribute="rotassetnum" dynamic="true" id="actuals_actuals_actools_actools_table_1_grid8_5" lookup="asset" menutype="assetmain"/>
												</section>
											</sectioncol>
											<sectioncol id="actuals_actuals_actools_actools_table_1_sec1row1_2">
												<section id="actuals_actuals_actools_actools_table_1_grid8">
													<textbox dataattribute="toolqty" dynamic="true" id="actuals_actuals_actools_actools_table_1_grid8_1"/>
													<textbox dataattribute="toolhrs" dynamic="true" id="actuals_actuals_actools_actools_table_1_grid8_2"/>
													<textbox dataattribute="toolrate" dynamic="true" id="actuals_actuals_actools_actools_table_1_grid8_3"/>
													<textbox dataattribute="linecost" dynamic="true" id="actuals_actuals_actools_actools_table_1_grid8_4"/>
													<textbox applink="amcrew" dataattribute="amcrew" dynamic="true" id="actuals_actuals_actools_actools_table_1_grid8_crew1" inputmode="readonly" licensekey="CREW" lookup="amcrews" menutype="normal"/>
												</section>
											</sectioncol>
											<sectioncol id="actuals_actuals_actools_actools_table_1_sec1row1_4">
												<section id="actuals_actuals_actools_actools_table_1_grid10">
													<textbox dataattribute="gldebitacct" dynamic="true" id="actuals_actuals_actools_actools_table_1_grid10_1" lookup="glnavigator"/>
													<textbox dataattribute="glcreditacct" dynamic="true" id="actuals_actuals_actools_actools_table_1_grid10_2" lookup="glnavigator"/>
													<textbox dataattribute="enterby" dynamic="true" id="actuals_actuals_actools_actools_table_1_grid10_3"/>
													<textbox dataattribute="enterdate" dynamic="true" id="actuals_actuals_actools_actools_table_1_grid10_4" lookup="datelookup"/>
												</section>
											</sectioncol>
										</sectionrow>
									</section>
								</tabledetails>
								<buttongroup id="actuals_actuals_actools_actools_table_2">
									<pushbutton id="actuals_actuals_actools_actools_table_2_1" label="工具の選択" mxevent="selecttoolsonactuals"/>
									<pushbutton id="actuals_actuals_actools_actools_table_2_2" label="計画工具の選択" mxevent="actools"/>
									<pushbutton id="actuals_actuals_actools_actools_table_2_4" label="出庫工具の選択" mxevent="selectissuetoolsonactuals"/>
									<pushbutton default="true" id="actuals_actuals_actools_actools_table_2_3" label="新規行" mxevent="addrow"/>
								</buttongroup>
							</table>
						</tab>
						<tab id="main_quickrep_failrep" label="故障レポート">
							<section border="true" id="main_quickrep_failrep_grid4">
								<sectionrow id="main_quickrep_failrep_grid4_1">
									<sectioncol id="main_quickrep_failrep_grid4_1_1">
										<section id="main_quickrep_failrep_grid4_1_1_remarksGrid">
											<multiparttextbox applink="failure" applinkkey="failurelist" applinkquery="FAILURE.FAILURELIST.failurelist" applinkreturn="failurecode" dataattribute="failurecode" descdataattribute="failure.description" descinputmode="readonly" id="main_quickrep_failrep_grid4_1_1_remarksGrid_3" lookup="failurecode" menutype="normal"/>
											<textbox dataattribute="faildate" id="main_quickrep_failrep_grid4_1_1_remarksGrid_4" lookup="datelookup"/>
											<textbox dataattribute="remarkdesc" defaultfocus="true" id="main_quickrep_failrep_grid4_1_1_remarksGrid_1" lookup="longdesc"/>
											<textbox dataattribute="remarkenterdate" id="main_quickrep_failrep_grid4_1_1_remarksGrid_2" lookup="datelookup"/>
										</section>
										<table beanclass="psdi.webclient.beans.workorder.FailureBean" id="main_quickrep_failrep_grid4_1_1_failure_report" label="故障コード" relationship="FAILUREREPORT">
											<tablebody displayrowsperpage="10" filterable="false" id="main_quickrep_failrep_grid4_1_1_failure_report_tablebody">
												<tablecol filterable="false" id="main_quickrep_failrep_grid4_1_1_failure_report_tablebody_1" mxevent="toggledetailstate" mxevent_desc="詳細の表示" sortable="false" type="event"/>
												<tablecol dataattribute="type" id="main_quickrep_failrep_grid4_1_1_failure_report_tablebody_2" sortable="false"/>
												<tablecol dataattribute="failurecode" id="main_quickrep_failrep_grid4_1_1_failure_report_tablebody_3" inputmode="readonly" sortable="false"/>
												<tablecol dataattribute="failurecode.description" id="main_quickrep_failrep_grid4_1_1_failure_report_tablebody_4" inputmode="readonly" sortable="false"/>
												<tablecol filterable="false" id="main_quickrep_failrep_grid4_1_1_failure_report_tablebody_5" mxevent="toggledeleterow" mxevent_desc="行を削除対象にマーク" mxevent_icon="btn_garbage.gif" sortable="false" type="event"/>
											</tablebody>
											<buttongroup id="main_quickrep_failrep_grid4_1_1_failure_report_1">
												<pushbutton id="main_quickrep_failrep_grid4_1_1_failure_report_1_1" label="故障コードの選択" mxevent="listfailurecodes"/>
											</buttongroup>
										</table>
									</sectioncol>
								</sectionrow>
							</section>
						</tab>
						<tab id="meterread" label="計測値">
							<tabgroup id="enterreadings">
								<tab default="true" id="enterreadings_asset" label="資産計測値">
									<table id="assetmeterread_grid_outer_1_1_meter_read" label="資産計測値" relationship="ACTIVEASSETMETER">
										<tablebody displayrowsperpage="20" filterable="true" id="assetmeterread_grid_outer_1_1_meter_read_tablebody">
											<tablecol filterable="false" id="assetmeterread_grid_outer_1_1_meter_read_tablebody_1" mxevent="toggledetailstate" mxevent_desc="詳細の表示" sortable="false" type="event"/>
											<tablecol dataattribute="metername" id="assetmeterread_grid_outer_1_1_meter_read_tablebody_2" sortable="true"/>
											<tablecol dataattribute="meter.metertype" id="assetmeterread_grid_outer_1_1_meter_read_tablebody_3" linkedcontrolid="assetmeterread_grid_outer_1_1_meter_read_1_grid4_3" sortable="false"/>
											<tablecol dataattribute="lastreading" id="assetmeterread_grid_outer_1_1_meter_read_tablebody_4" linkedcontrolid="assetmeterread_grid_outer_1_1_meter_read_1_grid4_4" sortable="false"/>
											<tablecol dataattribute="lastreadingdate" id="assetmeterread_grid_outer_1_1_meter_read_tablebody_5" linkedcontrolid="assetmeterread_grid_outer_1_1_meter_read_1_grid4_5" sortable="false"/>
											<tablecol dataattribute="newreading" id="assetmeterread_grid_outer_1_1_meter_read_tablebody_6" linkedcontrolid="assetmeterread_grid_outer_1_1_meter_read_1_grid4_6" sortable="false"/>
											<tablecol dataattribute="newreadingdate" id="assetmeterread_grid_outer_1_1_meter_read_tablebody_7" linkedcontrolid="assetmeterread_grid_outer_1_1_meter_read_1_grid4_7" sortable="false"/>
											<tablecol dataattribute="dorollover" id="assetmeterread_grid_outer_1_1_meter_read_tablebody_9" linkedcontrolid="assetmeterread_grid_outer_1_1_meter_read_1_grid4_17" sortable="false"/>
											<tablecol dataattribute="inspector" id="assetmeterread_grid_outer_1_1_meter_read_tablebody_8" linkedcontrolid="assetmeterread_grid_outer_1_1_meter_read_1_grid4_8" sortable="false"/>
										</tablebody>
										<tabledetails id="assetmeterread_grid_outer_1_1_meter_read_1">
											<section id="assetmeterread_grid_outer_1_1_meter_read_1_grid4" label="詳細">
												<sectionrow id="assetmeterread_grid_outer_1_1_meter_read_1_grid41">
													<sectioncol id="assetmeterread_grid_outer_1_1_meter_read_1_grid41_1">
														<section id="assetmeterread_grid_outer_1_1_meter_read_1_grid41_11">
															<multiparttextbox dataattribute="assetnum" descdataattribute="asset.description" descinputmode="readonly" id="assetmeterread_grid1_3" inputmode="readonly"/>
															<multiparttextbox dataattribute="metername" descdataattribute="meter.description" descinputmode="readonly" id="assetmeterread_grid_outer_1_1_meter_read_1_grid4_1"/>
															<textbox dataattribute="meter.metertype" id="assetmeterread_grid_outer_1_1_meter_read_1_grid4_3" inputmode="readonly"/>
															<textbox dataattribute="lastreading" id="assetmeterread_grid_outer_1_1_meter_read_1_grid4_4"/>
															<textbox dataattribute="lastreadingdate" id="assetmeterread_grid_outer_1_1_meter_read_1_grid4_5" lookup="datelookup"/>
															<textbox dataattribute="newreading" id="assetmeterread_grid_outer_1_1_meter_read_1_grid4_6" inputmode="required" lookup="valuelist"/>
															<textbox dataattribute="newreadingdate" id="assetmeterread_grid_outer_1_1_meter_read_1_grid4_7" inputmode="required" lookup="datelookup"/>
															<checkbox dataattribute="dorollover" id="assetmeterread_grid_outer_1_1_meter_read_1_grid4_17"/>
															<textbox applink="person" dataattribute="inspector" id="assetmeterread_grid_outer_1_1_meter_read_1_grid4_8" inputmode="required" lookup="person" menutype="normal"/>
														</section>
													</sectioncol>
													<sectioncol id="assetmeterread_grid_outer_1_1_meter_read_1_grid41_2">
														<section id="assetmeterread_grid_outer_1_1_meter_read_1_grid41_21">
															<checkbox dataattribute="isdelta" id="assetmeterread_grid_outer_1_1_meter_read_1_grid4_9"/>
															<textbox dataattribute="sincelastoverhaul" id="assetmeterread_grid_outer_1_1_meter_read_1_grid4_10"/>
															<textbox dataattribute="sincelastinspect" id="assetmeterread_grid_outer_1_1_meter_read_1_grid4_11"/>
															<textbox dataattribute="sincelastrepair" id="assetmeterread_grid_outer_1_1_meter_read_1_grid4_12"/>
															<textbox dataattribute="sinceinstall" id="assetmeterread_grid_outer_1_1_meter_read_1_grid4_13"/>
															<textbox dataattribute="lifetodate" id="assetmeterread_grid_outer_1_1_meter_read_1_grid4_14"/>
															<textbox dataattribute="Average" id="assetmeterread_grid_outer_1_1_meter_read_1_grid4_15" inputmode="readonly"/>
															<textbox dataattribute="remarks" id="assetmeterread_grid_outer_1_1_meter_read_1_grid4_16"/>
														</section>
													</sectioncol>
												</sectionrow>
											</section>
											<section id="metread_lineardetails" sigoption="WMLINEAR">
												<sectionrow id="metread_lineardetails_r1">
													<sectioncol id="metread_lineardetails_r1_c1">
														<section id="metread_lineardetails2" label="線形セグメントの詳細">
															<sectionrow id="metread_lineardetails2_r1">
																<sectioncol id="metread_lineardetails2_r1_c1">
																	<section border="true" id="metread_lineardetails3">
																		<statictext align="center" id="metread_lineardetails3_10" label="始点"/>
																		<textbox dataattribute="startfeaturelabel" id="metread_lineardetailsattr_1" lookup="assetfeature" menutype="normal"/>
																		<multiparttextbox dataattribute="startoffset" descdataattribute="startoffsetunitid" descinputmode="readonly" id="metread_lineardetailsattr_2" label="参照点オフセット"/>
																		<multiparttextbox dataattribute="startmeasure" descdataattribute="startmeasureunitid" descinputmode="readonly" id="metread_lineardetailsattr_3" label="計測"/>
																		<multiparttextbox dataattribute="STARTYOFFSET" descdataattribute="linearasset.linearrefmethod.yoffsetmeasureunitid" descinputmode="readonly" id="metread_lineardetailsattr_4" label="Y オフセット"/>
																		<textbox dataattribute="STARTYOFFSETREF" id="metread_lineardetailsattr_5" label="Y 参照" lookup="valuelist"/>
																		<multiparttextbox dataattribute="STARTZOFFSET" descdataattribute="linearasset.linearrefmethod.zoffsetmeasureunitid" descinputmode="readonly" id="metread_lineardetailsattr_6" label="Z オフセット"/>
																		<textbox dataattribute="STARTZOFFSETREF" id="metread_lineardetailsattr_7" label="Z 参照" lookup="valuelist"/>
																	</section>
																</sectioncol>
																<sectioncol id="metread_lineardetails2_r1_c2">
																	<section border="true" id="metread_lineardetails4">
																		<statictext align="center" id="metread_lineardetails4_10" label="終点"/>
																		<textbox dataattribute="endfeaturelabel" id="metread_lineardetailsattr_8" lookup="assetfeature" menutype="normal"/>
																		<multiparttextbox dataattribute="endoffset" descdataattribute="endoffsetunitid" descinputmode="readonly" id="metread_lineardetailsattr_9" label="参照点オフセット"/>
																		<multiparttextbox dataattribute="endmeasure" descdataattribute="endmeasureunitid" descinputmode="readonly" id="metread_lineardetailsattr_10" label="計測"/>
																		<multiparttextbox dataattribute="ENDYOFFSET" descdataattribute="linearasset.linearrefmethod.yoffsetmeasureunitid" descinputmode="readonly" id="metread_lineardetailsattr_11" label="Y オフセット"/>
																		<textbox dataattribute="ENDYOFFSETREF" id="metread_lineardetailsattr_12" label="Y 参照" lookup="valuelist"/>
																		<multiparttextbox dataattribute="ENDZOFFSET" descdataattribute="linearasset.linearrefmethod.zoffsetmeasureunitid" descinputmode="readonly" id="metread_lineardetailsattr_13" label="Z オフセット"/>
																		<textbox dataattribute="ENDZOFFSETREF" id="metread_lineardetailsattr_14" label="Z 参照" lookup="valuelist"/>
																	</section>
																</sectioncol>
															</sectionrow>
														</section>
													</sectioncol>
												</sectionrow>
											</section>
										</tabledetails>
									</table>
								</tab>
								<tab default="false" id="enterreadings_location" label="ロケーション計測値">
									<table id="locmeterread_grid_outer_1_1_meter_read" label="ロケーション計測値" relationship="ACTIVELOCATIONMETER">
										<tablebody displayrowsperpage="20" filterable="true" id="locmeterread_grid_outer_1_1_meter_read_tablebody">
											<tablecol filterable="false" id="locmeterread_grid_outer_1_1_meter_read_tablebody_1" mxevent="toggledetailstate" mxevent_desc="詳細の表示" sortable="false" type="event"/>
											<tablecol dataattribute="metername" id="locmeterread_grid_outer_1_1_meter_read_tablebody_2" sortable="true"/>
											<tablecol dataattribute="meter.metertype" id="locmeterread_grid_outer_1_1_meter_read_tablebody_3" linkedcontrolid="locmeterread_grid_outer_1_1_meter_read_1_grid4_3" sortable="false"/>
											<tablecol dataattribute="lastreading" id="locmeterread_grid_outer_1_1_meter_read_tablebody_4" linkedcontrolid="locmeterread_grid_outer_1_1_meter_read_1_grid4_4" sortable="false"/>
											<tablecol dataattribute="lastreadingdate" id="locmeterread_grid_outer_1_1_meter_read_tablebody_5" linkedcontrolid="locmeterread_grid_outer_1_1_meter_read_1_grid4_5" sortable="false"/>
											<tablecol dataattribute="newreading" id="locmeterread_grid_outer_1_1_meter_read_tablebody_6" linkedcontrolid="locmeterread_grid_outer_1_1_meter_read_1_grid4_6" sortable="false"/>
											<tablecol dataattribute="newreadingdate" id="locmeterread_grid_outer_1_1_meter_read_tablebody_7" linkedcontrolid="locmeterread_grid_outer_1_1_meter_read_1_grid4_7" sortable="false"/>
											<tablecol dataattribute="dorollover" id="locmeterread_grid_outer_1_1_meter_read_tablebody_9" linkedcontrolid="locmeterread_grid_outer_1_1_meter_read_1_grid4_17" sortable="false"/>
											<tablecol dataattribute="inspector" id="locmeterread_grid_outer_1_1_meter_read_tablebody_8" linkedcontrolid="locmeterread_grid_outer_1_1_meter_read_1_grid4_8" sortable="false"/>
										</tablebody>
										<tabledetails id="locmeterread_grid_outer_1_1_meter_read_1">
											<section id="locmeterread_grid_outer_1_1_meter_read_1_grid4" label="詳細">
												<sectionrow id="locmeterread_grid_outer_1_1_meter_read_1_grid41">
													<sectioncol id="locmeterread_grid_outer_1_1_meter_read_1_grid41_1">
														<section id="locmeterread_grid_outer_1_1_meter_read_1_grid41_11">
															<multiparttextbox dataattribute="location" descdataattribute="location.description" descinputmode="readonly" id="locmeterread_grid1_2" inputmode="readonly"/>
															<multiparttextbox dataattribute="metername" descdataattribute="meter.description" descinputmode="readonly" id="locmeterread_grid_outer_1_1_meter_read_1_grid4_1"/>
															<textbox dataattribute="meter.metertype" id="locmeterread_grid_outer_1_1_meter_read_1_grid4_3" inputmode="readonly"/>
															<textbox dataattribute="lastreading" id="locmeterread_grid_outer_1_1_meter_read_1_grid4_4"/>
															<textbox dataattribute="lastreadingdate" id="locmeterread_grid_outer_1_1_meter_read_1_grid4_5" lookup="datelookup"/>
															<textbox dataattribute="newreading" id="locmeterread_grid_outer_1_1_meter_read_1_grid4_6" inputmode="required" lookup="valuelist"/>
															<textbox dataattribute="newreadingdate" id="locmeterread_grid_outer_1_1_meter_read_1_grid4_7" inputmode="required" lookup="datelookup"/>
															<checkbox dataattribute="dorollover" id="locmeterread_grid_outer_1_1_meter_read_1_grid4_17"/>
															<textbox applink="person" dataattribute="inspector" id="locmeterread_grid_outer_1_1_meter_read_1_grid4_8" inputmode="required" lookup="person" menutype="normal"/>
														</section>
													</sectioncol>
													<sectioncol id="locmeterread_grid_outer_1_1_meter_read_1_grid41_2">
														<section id="locmeterread_grid_outer_1_1_meter_read_1_grid41_21">
															<checkbox dataattribute="isdelta" id="locmeterread_grid_outer_1_1_meter_read_1_grid4_9"/>
															<textbox dataattribute="sincelastoverhaul" id="locmeterread_grid_outer_1_1_meter_read_1_grid4_10"/>
															<textbox dataattribute="sincelastinspect" id="locmeterread_grid_outer_1_1_meter_read_1_grid4_11"/>
															<textbox dataattribute="sincelastrepair" id="locmeterread_grid_outer_1_1_meter_read_1_grid4_12"/>
															<textbox dataattribute="sinceinstall" id="locmeterread_grid_outer_1_1_meter_read_1_grid4_13"/>
															<textbox dataattribute="lifetodate" id="locmeterread_grid_outer_1_1_meter_read_1_grid4_14"/>
															<textbox dataattribute="Average" id="locmeterread_grid_outer_1_1_meter_read_1_grid4_15" inputmode="readonly"/>
															<textbox dataattribute="remarks" id="locmeterread_grid_outer_1_1_meter_read_1_grid4_16"/>
														</section>
													</sectioncol>
												</sectionrow>
											</section>
										</tabledetails>
									</table>
								</tab>
							</tabgroup>
						</tab>
						<tab id="log" label="ログ">
							<tabgroup id="log_tabs">
								<tab default="true" id="worklog_tab" label="作業ログ">
									<include controltoclone="worklog" id="INCLUDE-worklog"/>
								</tab>
								<tab id="commlog_tab" label="通信ログ">
									<include controltoclone="commlog" id="INCLUDE-commlog"/>
								</tab>
							</tabgroup>
						</tab>
					</tabgroup>
				</tab>
				<tab id="relatedrec" label="関連するレコード">
					<section border="true" id="headerC_1">
						<sectionrow id="headerC_2">
							<sectioncol id="headerC_3">
								<section id="headerC_4">
									<multiparttextbox dataattribute="wonum" descdataattribute="description" desclookup="longdesc" id="headerC_5" label="故障報告書№"/>
								</section>
							</sectioncol>
							<sectioncol id="headerC_6">
								<section id="headerC_7">
									<textbox dataattribute="siteid" id="headerC_11" inputmode="readonly"/>
								</section>
							</sectioncol>
							<sectioncol id="headerC_9">
								<section id="headerC_10">
									<textbox dataattribute="status" id="headerC_8"/>
								</section>
							</sectioncol>
						</sectionrow>
					</section>
					<table id="relatedrec_related_wo" label="関連する故障報告書" relationship="RELATEDWO">
						<tablebody displayrowsperpage="10" filterable="true" id="relatedrec_related_wo_tablebody">
							<tablecol filterable="false" id="relatedrec_related_wo_tablebody_1" mxevent="toggledetailstate" mxevent_desc="詳細の表示" sortable="false" type="event"/>
							<tablecol dataattribute="relatedrecwonum" id="relatedrec_related_wo_tablebody_2" label="故障報告書№" lookup="relatedwo" menutype="workorder" rechover="wo_recordhover" sortable="false"/>
							<tablecol dataattribute="relatedrecwo.description" id="relatedrec_related_wo_tablebody_3" inputmode="readonly" longdescreadonly="true" lookup="longdesc" showfilterfield="true" sortable="false"/>
							<tablecol dataattribute="relatedrecwo.status" id="relatedrec_related_wo_tablebody_5" linkedcontrolid="relatedrec_related_wo_1_grid7_4"/>
							<tablecol dataattribute="relatetype" id="relatedrec_related_wo_tablebody_6" linkedcontrolid="relatedrec_related_wo_1_grid7_5"/>
							<tablecol filterable="false" id="relatedrec_related_wo_tablebody_7" mxevent="toggledeleterow" mxevent_desc="行を削除対象にマーク" mxevent_icon="btn_garbage.gif" sortable="false" type="event"/>
						</tablebody>
						<tabledetails id="relatedrec_related_wo_1">
							<section id="relatedrec_related_wo_1_grid7" label="詳細">
								<sectionrow id="rel_a">
									<sectioncol id="rel_b">
										<multiparttextbox dataattribute="RELATEDRECWONUM" descdataattribute="RELATEDRECWO.DESCRIPTION" descinputmode="readonly" desclookup="LONGDESC" id="1442278995367" label="故障報告書№" lookup="RELATEDWO" menutype="WORKORDER"/>
										<multiparttextbox dataattribute="RELATEDRECWO.ASSETNUM" descdataattribute="RELATEDRECWO.ASSET.DESCRIPTION" descinputmode="readonly" desclookup="LONGDESC" id="1442278998699" inputmode="readonly" label="資産"/>
									</sectioncol>
									<sectioncol id="rel_d">
										<section id="rel_e">
											<textbox dataattribute="relatedrecwo.status" dynamic="true" id="relatedrec_related_wo_1_grid7_4" inputmode="readonly"/>
											<textbox dataattribute="relatetype" id="relatedrec_related_wo_1_grid7_5" inputmode="readonly"/>
										</section>
									</sectioncol>
								</sectionrow>
							</section>
						</tabledetails>
						<buttongroup id="relatedrec_related_wo_2">
							<pushbutton id="relatedrec_related_wo_2_1" label="作業指示書の選択" mxevent="selectwoonrelatedrec"/>
							<pushbutton default="true" id="relatedrec_related_wo_2_2" label="新規行" mxevent="addrow"/>
						</buttongroup>
					</table>
					<table id="relatedrec_related_ticket" label="関連するチケット" relationship="RELATEDTICKET" sigoption="PL_DISP_TR">
						<tablebody displayrowsperpage="10" filterable="true" id="relatedrec_related_ticket_tablebody">
							<tablecol filterable="false" id="relatedrec_related_ticket_tablebody_1" mxevent="toggledetailstate" mxevent_desc="詳細の表示" sortable="false" type="event"/>
							<tablecol dataattribute="relatedreckey" id="relatedrec_related_ticket_tablebody_2" lookup="ticket" menutype="ticket" sortable="false"/>
							<tablecol dataattribute="relatedrectkt.description" id="relatedrec_related_ticket_tablebody_3" longdescreadonly="true" lookup="longdesc" showfilterfield="true" sortable="false"/>
							<tablecol dataattribute="relatedrecclass" id="relatedrec_related_ticket_tablebody_4" linkedcontrolid="relatedrec_related_ticket_1_grid7_3"/>
							<tablecol dataattribute="relatedrectkt.status" id="relatedrec_related_ticket_tablebody_5" linkedcontrolid="relatedrec_related_ticket_1_grid7_4"/>
							<tablecol dataattribute="relatetype" id="relatedrec_related_ticket_tablebody_6" linkedcontrolid="relatedrec_related_ticket_1_grid7_5"/>
							<tablecol filterable="false" id="relatedrec_related_ticket_tablebody_7" mxevent="toggledeleterow" mxevent_desc="行を削除対象にマーク" mxevent_icon="btn_garbage.gif" sortable="false" type="event"/>
						</tablebody>
						<tabledetails id="relatedrec_related_ticket_1">
							<section id="relatedrec_related_ticket_1_grid7" label="詳細">
								<sectionrow id="rel_f">
									<sectioncol id="rel_g">
										<section id="rel_h">
											<multiparttextbox dataattribute="relatedreckey" descdataattribute="relatedrectkt.description" desclookup="longdesc" id="relatedrec_related_ticket_1_grid7_1" longdescreadonly="true" lookup="ticket" menutype="ticket"/>
											<textbox dataattribute="relatedrecclass" dynamic="true" id="relatedrec_related_ticket_1_grid7_3" lookup="valuelist"/>
											<multiparttextbox dataattribute="relatedrectkt.assetnum" descdataattribute="relatedrectkt.asset.description" descinputmode="readonly" desclookup="longdesc" id="relatedrec_related_ticket_1_grid7_6" inputmode="readonly" rechover="asset_recordhover"/>
											<multiparttextbox dataattribute="relatedrectkt.location" descdataattribute="relatedrectkt.location.description" descinputmode="readonly" desclookup="longdesc" id="relatedrec_related_ticket_1_grid7_7" inputmode="readonly"/>
											<multiparttextbox dataattribute="relatedrectkt.CLASSSTRUCTURE.HIERARCHYPATH" descdataattribute="relatedrectkt.CLASSSTRUCTURE.description" descinputmode="readonly" id="relatedrec_related_ticket_1_grid7_8"/>
										</section>
									</sectioncol>
									<sectioncol id="rel_i">
										<section id="rel_j">
											<textbox dataattribute="relatedrectkt.status" dynamic="true" id="relatedrec_related_ticket_1_grid7_4" inputmode="readonly"/>
											<textbox dataattribute="relatetype" id="relatedrec_related_ticket_1_grid7_5" inputmode="readonly"/>
										</section>
									</sectioncol>
								</sectionrow>
							</section>
						</tabledetails>
						<buttongroup id="relatedrec_related_ticket_2">
							<pushbutton id="relatedrec_related_ticket_2_1" label="チケットの選択" mxevent="selecttkonrelatedrec"/>
							<pushbutton default="true" id="relatedrec_related_ticket_2_2" label="新規行" mxevent="addrow"/>
						</buttongroup>
					</table>
				</tab>
			</tabgroup>
		</clientarea>
		<include controltoclone="pageFooter" id="INCLUDE-pageFooter"/>
	</page>

	<dialog beanclass="psdi.webclient.beans.workorder.PMAlertBean" id="pmalert" label="予防保全警告情報の表示">
		<helpgrid id="pmalert_help" innerhtml="テーブルには監視が必要な予防保全の一覧が表示されます。作業指示書を作成する予防保全を選択します。"/>
		<section border="true" id="pmalert_grid1">
			<sectionrow id="pmalert_grid1_1">
				<sectioncol id="pmalert_grid1_1_1">
					<table id="pmalert_grid1_1_1_pmalert_table" label="予防保全" selectmode="multiple" startrow="0">
						<tablebody displayrowsperpage="6" filterable="true" filterexpanded="true" id="pmalert_grid1_1_1_pmalert_table_tablebody">
							<tablecol filterable="false" id="pmalert_grid1_1_1_pmalert_table_tablebody_1" mxevent="toggleselectrow" sortable="false" type="event"/>
							<tablecol dataattribute="pmnum" id="pmalert_grid1_1_1_pmalert_table_tablebody_2"/>
							<tablecol dataattribute="description" id="pmalert_grid1_1_1_pmalert_table_tablebody_3"/>
							<tablecol dataattribute="nextdate" id="pmalert_grid1_1_1_pmalert_table_tablebody_4"/>
							<tablecol dataattribute="assetnum" id="pmalert_grid1_1_1_pmalert_table_tablebody_5"/>
							<tablecol dataattribute="location" id="pmalert_grid1_1_1_pmalert_table_tablebody_6"/>
							<tablecol dataattribute="haschildren" id="pmalert_grid1_1_1_pmalert_table_tablebody_7"/>
							<tablecol dataattribute="parent" id="pmalert_grid1_1_1_pmalert_table_tablebody_8"/>
						</tablebody>
					</table>
				</sectioncol>
			</sectionrow>
		</section>
		<buttongroup id="pmalert_2">
			<pushbutton default="true" id="pmalert_2_1" label="OK" mxevent="doWork"/>
			<pushbutton id="pmalert_2_2" label="キャンセル" mxevent="dialogcancel"/>
		</buttongroup>
	</dialog>

	<dialog beanclass="psdi.webclient.beans.common.ClassificationBean" id="searchmore" inputmode="query" label="検索条件の入力">
		<datasrc beanclass="psdi.webclient.beans.common.RepairFacilityConditionalUIBean" id="repfacilitysrc"/>
		<section id="qbe_s1">
			<sectionrow id="qbe_s1_sr1">
				<sectioncol id="qbe_s1_sr1_sc1">
					<section id="qbe_s1_sr1_sc1_s1">
						<textbox dataattribute="wonum" id="qbe_s1_sr1_sc1_s1_mptb1" inputmode="query"/>
						<textbox dataattribute="description" id="qbe_s1_sr1_sc1_s1_mptb1a" inputmode="query"/>
						<textbox dataattribute="parent" id="qbe_s1_sr1_sc1_s1_mptb4" inputmode="query" lookup="workorder" menutype="workorder"/>
						<textbox applink="location,ipc" dataattribute="ALLMULTIASSETLOCCI.location" id="qbe_s1_sr1_sc1_s1_mptb2" inputmode="query" lookup="locations" menutype="locations"/>
						<textbox applink="asset,ipc" dataattribute="ALLMULTIASSETLOCCI.assetnum" id="qbe_s1_sr1_sc1_s1_mptb3" inputmode="query" lookup="asset" menutype="assetmain"/>
						<textbox applink="ci" dataattribute="ALLMULTIASSETLOCCI.cinum" id="qbe_s1_sr1_sc1_s1_mptb5" inputmode="query" lookup="ci" menutype="normal"/>
						<textbox applink="pm" dataattribute="pmnum" id="qbe_s1_sr1_sc2_s1_tb3" inputmode="query" lookup="pm" menutype="normal"/>
						<textbox applink="srvcommod" dataattribute="commoditygroup" id="qbe_s1_sr1_sc2_s1_tb5" inputmode="query" lookup="servicegroup" menutype="SRVVIEWRELATEDGRP"/>
						<textbox dataattribute="commodity" id="qbe_s1_sr1_sc2_s1_tb4" inputmode="query" lookup="service"/>
						<textbox applink="assetcat" dataattribute="CLASSSTRUCTURE.HIERARCHYPATH" id="qbe_grid2_1_1_grid5_21" inputmode="query" menutype="classificationqbe"/>
						<textbox applink="location,ipc" dataattribute="REPAIRFACILITY" id="qbe_s1_sr1_sc2_s2_tb12" inputmode="query" lookup="repfacility" menutype="repfacility" sigoption="REPFACILITY" sigoptiondatasrc="repfacilitysrc"/>
						<textbox dataattribute="REPFACSITEID" id="qbe_s1_sr1_sc2_s2_tb13" inputmode="query" lookup="site" sigoption="REPFACILITY" sigoptiondatasrc="repfacilitysrc"/>
					</section>
				</sectioncol>
				<sectioncol id="qbe_s1_sr1_sc2">
					<section id="qbe_s12_sr1_sc2_s1">
						<textbox applink="persongr" dataattribute="ASSIGNMENT_QBE.crewworkgroup" id="qbe_s1_sr1_sc2_s1_crew1" inputmode="query" label="割り当て済みのチーム作業グループ" licensekey="CREW" lookup="persongroup" menutype="normal"/>
						<textbox applink="amcrew" dataattribute="ASSIGNMENT_QBE.amcrew" id="qbe_s1_sr1_sc2_s1_crew2" inputmode="query" label="割り当て済みのチーム" licensekey="CREW" lookup="amcrews" menutype="normal"/>
						<textbox applink="amcrewt" dataattribute="WPLABOR_QBE.amcrewtype" id="qbe_grid2_r1_c1_s1_crew3" inputmode="query" label="チーム・タイプの計画" licensekey="CREW" lookup="amcrewtype" menutype="normal"/>
						<textbox applink="labor" dataattribute="ASSIGNMENT_QBE.laborcode" id="qbe_s1_sr1_sc2_s1_tb10" inputmode="query" label="割り当て済み作業員" lookup="laborcraftrate" menutype="normal"/>
						<textbox applink="craft" dataattribute="WPLABOR_QBE.craft" id="qbe_s1_sr1_sc2_s1_tb1" inputmode="query" label="職種の計画" lookup="craft" menutype="normal"/>
						<textbox applink="person" dataattribute="supervisor" id="qbe_s1_sr1_sc2_s1_tb2" inputmode="query" lookup="person" menutype="normal"/>
						<textbox dataattribute="crewid" id="qbe_s1_sr1_sc1_s1_tb9" lookup="valuelist" sigoption="CREWIDFIELD"/>
						<textbox applink="person" dataattribute="lead" id="qbe_s1_sr1_sc1_s1_tb11" inputmode="query" lookup="person" menutype="normal"/>
						<textbox applink="person" dataattribute="owner" id="qbe_s1_sr1_sc2_s1_tb8" inputmode="query" lookup="person" menutype="normal"/>
						<textbox applink="persongr" dataattribute="ownergroup" id="qbe_s1_sr1_sc2_s1_tb9" inputmode="query" lookup="persongroup" menutype="normal"/>
					</section>
				</sectioncol>
				<sectioncol id="qbe_s1_sr1_sc3">
					<section id="qbe_s12_sr1_sc3_s1">
						<textbox dataattribute="worktype" id="qbe_s1_sr1_sc1_s1_tb8" inputmode="query" lookup="worktype"/>
						<textbox dataattribute="status" id="qbe_s1_sr1_sc1_s1_tb2" inputmode="query" lookup="valuelist"/>
						<textbox dataattribute="woclass" id="qbe_s1_sr1_sc2_s1_tb6" inputmode="query" lookup="valuelist"/>
						<textbox dataattribute="siteid" id="qbe_s1_sr1_sc1_s1_tb1" inputmode="query" lookup="site"/>
						<textbox dataattribute="historyflag" id="qbe_s1_sr1_sc1_s1_tb3" inputmode="query"/>
						<textbox dataattribute="wopriority" id="qbe_s1_sr1_sc1_s1_tb7" inputmode="query"/>
						<textbox dataattribute="istask" id="qbe_s12_sr1_sc2_s1_tb7" inputmode="query"/>
					</section>
				</sectioncol>
			</sectionrow>
		</section>
		<section id="qbe_date_s1" label="日付">
			<sectionrow id="qbe_date_r1">
				<sectioncol id="qbe_date_r1_c1">
					<section id="qbe_date_r1_c1_s1">
						<sectionrow id="qbe_date_s1_r1">
							<sectioncol id="qbe_date_s1_r1_c1">
								<section id="qbe_date_s1_r1_c1_s1">
									<statictext align="right" id="qbe_date_s1_r1_c1_s1_st1"/>
								</section>
							</sectioncol>
							<sectioncol id="qbe_date_s1_r1_c2">
								<section id="qbe_date_s1_r1_c2_s1">
									<statictext align="center" id="qbe_date_s1_r1_c2_s1_st1" label="開始日"/>
								</section>
							</sectioncol>
							<sectioncol id="qbe_date_s1_r1_c3">
								<section id="qbe_date_s1_r1_c3_s1">
									<statictext align="center" id="qbe_date_s1_r1_c3_s1_st1" label="終了日"/>
								</section>
							</sectioncol>
						</sectionrow>
						<sectionrow id="qbe_date_s1_r2">
							<sectioncol id="qbe_date_s1_r2_c1">
								<section id="qbe_date_s1_r2_c1_s1">
									<statictext align="right" id="qbe_date_s1_r2_c1_s1_t1" label="報告日"/>
								</section>
							</sectioncol>
							<sectioncol id="qbe_date_s1_r2_c2">
								<section id="qbe_date_s1_r2_c2_s1">
									<textbox dataattribute="reportdate" hidelabel="true" id="qbe_grid2_1_1_grid5_3" inputmode="query" lookup="datelookup" prepend="&gt;="/>
								</section>
							</sectioncol>
							<sectioncol id="qbe_date_s1_r2_c3">
								<section id="qbe_date_s1_r2_c3_s1">
									<textbox dataattribute="reportdate" hidelabel="true" id="qbe_grid2_1_1_grid5_4" inputmode="query" lookup="datelookup" prepend="&lt;="/>
								</section>
							</sectioncol>
						</sectionrow>
						<sectionrow id="qbe_date_s1_r3">
							<sectioncol id="qbe_date_s1_r3_c1">
								<section id="qbe_date_s1_r3_c1_s1">
									<statictext align="right" id="qbe_date_s1_r3_c1_s1_t1" label="目標開始"/>
								</section>
							</sectioncol>
							<sectioncol id="qbe_date_s1_r3_c2">
								<section id="qbe_date_s1_r3_c2_s1">
									<textbox dataattribute="targstartdate" hidelabel="true" id="qbe_grid2_1_1_grid5_7" inputmode="query" lookup="datelookup" prepend="&gt;="/>
								</section>
							</sectioncol>
							<sectioncol id="qbe_date_s1_r3_c3">
								<section id="qbe_date_s1_r3_c3_s1">
									<textbox dataattribute="targstartdate" hidelabel="true" id="qbe_grid2_1_1_grid5_8" inputmode="query" lookup="datelookup" prepend="&lt;="/>
								</section>
							</sectioncol>
						</sectionrow>
						<sectionrow id="qbe_date_s1_r4">
							<sectioncol id="qbe_date_s1_r4_c1">
								<section id="qbe_date_s1_r4_c1_s1">
									<statictext align="right" id="qbe_date_s1_r4_c1_s1_t1" label="予定開始"/>
								</section>
							</sectioncol>
							<sectioncol id="qbe_date_s1_r4_c2">
								<section id="qbe_date_s1_r4_c2_s1">
									<textbox dataattribute="schedstart" hidelabel="true" id="qbe_grid2_1_1_grid5_9" inputmode="query" lookup="datelookup" prepend="&gt;="/>
								</section>
							</sectioncol>
							<sectioncol id="qbe_date_s1_r4_c3">
								<section id="qbe_date_s1_r4_c3_s1">
									<textbox dataattribute="schedstart" hidelabel="true" id="qbe_grid2_1_1_grid5_10" inputmode="query" lookup="datelookup" prepend="&lt;="/>
								</section>
							</sectioncol>
						</sectionrow>
						<sectionrow id="qbe_date_s1_r5">
							<sectioncol id="qbe_date_s1_r5_c1">
								<section id="qbe_date_s1_r5_c1_s1">
									<statictext align="right" id="qbe_date_s1_r5_c1_s1_t1" label="実行開始"/>
								</section>
							</sectioncol>
							<sectioncol id="qbe_date_s1_r5_c2">
								<section id="qbe_date_s1_r5_c2_s1">
									<textbox dataattribute="actstart" hidelabel="true" id="qbe_grid2_1_1_grid5_11" inputmode="query" lookup="datelookup" prepend="&gt;="/>
								</section>
							</sectioncol>
							<sectioncol id="qbe_date_s1_r5_c3">
								<section id="qbe_date_s1_r5_c3_s1">
									<textbox dataattribute="actstart" hidelabel="true" id="qbe_grid2_1_1_grid5_12" inputmode="query" lookup="datelookup" prepend="&lt;="/>
								</section>
							</sectioncol>
						</sectionrow>
					</section>
				</sectioncol>
				<sectioncol id="qbe_date_r1_c2">
					<section id="qbe_date_r1_c2_s1">
						<blankline id="qbe_blkline"/>
					</section>
				</sectioncol>
			</sectionrow>
		</section>
		<buttongroup id="qbe_bg1">
			<pushbutton default="true" id="qbe_bg1_pb1" label="検索" mxevent="dialogok"/>
			<pushbutton id="qbe_restoreappdefault_button" label="アプリケーション・デフォルトのリストア" mxevent="qbeclear"/>
			<pushbutton id="qbe_revisebutton" label="改訂" menutype="SEARCHMOREREVISE" targetid="searchmore"/>
			<pushbutton id="qbe_bg1_pb3" label="キャンセル" mxevent="qbecancel"/>
		</buttongroup>
	</dialog>

	<dialog id="viewhist" label="履歴の表示">
		<table id="viewhist_quickrep" label="ステータス履歴" relationship="WOSTATUS">
			<tablebody displayrowsperpage="6" filterable="true" id="viewhist_quickrep_tablebody">
				<tablecol dataattribute="status" id="viewhist_quickrep_tablebody_1"/>
				<tablecol dataattribute="changedate" id="viewhist_quickrep_tablebody_2"/>
				<tablecol dataattribute="changeby" id="viewhist_quickrep_tablebody_3"/>
				<tablecol dataattribute="memo" id="viewhist_quickrep_tablebody_4"/>
				<tablecol dataattribute="glaccount" id="viewhist_quickrep_tablebody_5"/>
			</tablebody>
		</table>
		<buttongroup id="viewhist_quickrep_bg">
			<pushbutton default="true" id="viewhist_quickrep_b1" label="OK" mxevent="dialogclose"/>
		</buttongroup>
	</dialog>
	<action id="CREATEINCT" method="createIncident" savemode="ONLOAD"/>
	<action id="CREATEPROB" method="createProblem" savemode="ONLOAD"/>

	<dialog datasrc="MAINRECORD" id="duplicate" label="レコードの複製">
		<section id="duplicate_grid1">
			<sectionrow id="duplicate_grid1_1">
				<sectioncol id="duplicate_grid1_1_1">
					<radiobuttongroup dataattribute="dupflag" id="duplicate_grid1_1_1_grid6"/>
				</sectioncol>
			</sectionrow>
		</section>
		<buttongroup id="duplicate_1">
			<pushbutton default="true" id="owner_1_1" label="OK" mxevent="DUPLICATECHECK"/>
			<pushbutton id="owner_1_2" label="キャンセル" mxevent="dialogcancel"/>
		</buttongroup>
	</dialog>
	<action id="CREATEWO" method="createWorkorder" savemode="ONLOAD"/>
	<action id="CREATESREQ" method="createServiceRequest" savemode="ONLOAD"/>
	<action id="CREATECHG" method="createChange" savemode="ONLOAD"/>

	<dialog beanclass="psdi.webclient.system.beans.ViewBookmarksBean" id="searchbook" label="ブックマーク" mboname="WORKORDER">
		<table id="bookmarks_table" inputmode="readonly" label="作業指示書" selectmode="single">
			<tablebody displayrowsperpage="20" filterable="true" id="bookmarks_table_tablebody">
				<tablecol dataattribute="wonum" id="bookmarks_tablebody_1" mxevent="selectrecord" type="link"/>
				<tablecol dataattribute="description" id="bookmarks_table_tablebody_2"/>
				<tablecol filterable="false" id="bookmarks_table_tablebody_delete" mxevent="instantdelete" mxevent_desc="削除" mxevent_icon="btn_delete.gif" sortable="false" type="event"/>
			</tablebody>
		</table>
		<buttongroup id="bookmarks_2">
			<pushbutton default="true" id="bookmarks_2_1" label="OK" mxevent="dialogok"/>
		</buttongroup>
	</dialog>

	<dialog id="mandwntime" label="ダウンタイム履歴の管理" relationship="MODDOWNTIMEHIST" savemode="ONLOADUNLOAD">
		<section border="true" id="mandwntime_grid1">
			<multiparttextbox dataattribute="wonum" datasrc="MAINRECORD" descdataattribute="description" descinputmode="READONLY" id="mandwntime_grid1_1"/>
			<textbox dataattribute="siteid" datasrc="MAINRECORD" id="mandwntime_grid1_2"/>
		</section>
		<table id="mandwntime_view_assetstatus">
			<tablebody displayrowsperpage="10" filterable="true" filterexpanded="false" id="mandwntime_view_assetstatus_tablebody">
				<tablecol filterable="false" id="mandwntime_view_assetstatus_tablebody_0" mxevent="toggledetailstate" mxevent_desc="詳細の表示" sortable="false" type="event"/>
				<tablecol dataattribute="assetnum" id="mandwntime_view_assetstatus_tablebody_1"/>
				<tablecol dataattribute="startdate" id="mandwntime_view_assetstatus_tablebody_2"/>
				<tablecol dataattribute="startwonum" id="mandwntime_view_assetstatus_tablebody_3"/>
				<tablecol dataattribute="enddate" id="mandwntime_view_assetstatus_tablebody_4"/>
				<tablecol dataattribute="endwonum" id="mandwntime_view_assetstatus_tablebody_5"/>
				<tablecol dataattribute="downtime" id="mandwntime_view_assetstatus_tablebody_6"/>
				<tablecol filterable="false" id="mandwntime_view_assetstatus_tablebody_7" mxevent="toggledeleterow" mxevent_desc="行を削除対象にマーク" mxevent_icon="btn_garbage.gif" sortable="false" type="event"/>
			</tablebody>
			<tabledetails id="mandwntime_view_assetstatus_tabledetails">
				<section id="mandwntime_view_assetstatus_tabledetails_1" label="詳細">
					<sectionrow id="mandwntime_view_assetstatus_tabledetails_1_1">
						<sectioncol id="mandwntime_view_assetstatus_tabledetails_1_1_1">
							<section id="mandwntime_view_assetstatus_tabledetails_1_1_1_1">
								<textbox applink="asset" dataattribute="assetnum" id="mandwntime_view_assetstatus_tabledetails_1_1_1_1_1" menutype="hyperlink"/>
								<textbox dataattribute="startdate" id="mandwntime_view_assetstatus_tabledetails_1_1_1_1_2" lookup="datelookup"/>
								<textbox dataattribute="startwonum" id="mandwntime_view_assetstatus_tabledetails_1_1_1_1_3" lookup="workorder"/>
								<textbox dataattribute="startcode" id="mandwntime_view_assetstatus_tabledetails_1_1_1_1_4" lookup="valuelist"/>
							</section>
						</sectioncol>
						<sectioncol id="mandwntime_view_assetstatus_tabledetails_1_1_2">
							<section id="mandwntime_view_assetstatus_tabledetails_1_1_2_1">
								<textbox dataattribute="downtime" id="mandwntime_view_assetstatus_tabledetails_1_1_2_1_1"/>
								<textbox dataattribute="enddate" id="mandwntime_view_assetstatus_tabledetails_1_1_2_1_2" lookup="datelookup"/>
								<textbox dataattribute="endwonum" id="mandwntime_view_assetstatus_tabledetails_1_1_2_1_3" lookup="workorder"/>
								<textbox dataattribute="endcode" id="mandwntime_view_assetstatus_tabledetails_1_1_3_1_4" lookup="valuelist"/>
							</section>
						</sectioncol>
					</sectionrow>
					<sectionrow id="mandwntime_view_assetstatus_tabledetails_1_2">
						<sectioncol id="mandwntime_view_assetstatus_tabledetails_1_2_1">
							<section id="mandwntime_view_assetstatus_tabledetails_1_2_1_1" label="運転タイプの開始">
								<radiobuttongroup border="false" dataattribute="startoperational" hidelabel="true" id="mandwntime_downtimetype_1">
									<radiobutton id="mandwntime_downtimetype_1_1" label="運転" value="1"/>
									<radiobutton id="mandwntime_downtimetype_1_2" label="非稼働" value="0"/>
								</radiobuttongroup>
							</section>
						</sectioncol>
						<sectioncol id="mandwntime_view_assetstatus_tabledetails_1_2_2">
							<section id="mandwntime_view_assetstatus_tabledetails_1_2_2_1" label="運転タイプ終了">
								<radiobuttongroup border="false" dataattribute="endoperational" hidelabel="true" id="mandwntime_downtimetype_2">
									<radiobutton id="mandwntime_downtimetype_2_1" label="運転" value="1"/>
									<radiobutton id="mandwntime_downtimetype_2_2" label="非稼働" value="0"/>
								</radiobuttongroup>
							</section>
						</sectioncol>
					</sectionrow>
				</section>
			</tabledetails>
		</table>
		<buttongroup id="mandwntime_view_buttons">
			<pushbutton default="true" id="mandwntime_view_buttons_1" label="OK" mxevent="dialogok"/>
			<pushbutton default="true" id="mandwntime_view_buttons_2" label="キャンセル" mxevent="dialogcancel"/>
		</buttongroup>
	</dialog>
	<action id="CREATEREL" method="createRelease" savemode="ONLOAD"/>
	<configurationblock id="datastore_configurationblock">
	</configurationblock>
</presentation>
