<?xml version="1.0" encoding="UTF-8"?>

<presentation apphelp="com.ibm.mbs.doc,viewdr/c_view_requisitions_application.html" beanclass="jp.co.exa_corp.webclient.beans.desktopreq.ExSearchBean" id="viewdr" ismobile="false" mboname="MR" resultstableid="results_showlist" version="7.1.0.0" whereclause="status != 'ドラフト'">
	<page id="mainrec" scroll="false">
		<include controltoclone="desktopReqPageHeader" id="INCLUDE-desktopReqPageHeader"/>
		<clientarea id="clientarea">
			<appbar id="desktopreqs"/>
			<tabgroup format="carddeck" id="maintabs" style="form">
				<tab default="true" id="results" label="一覧" type="list">
					<section border="true" datasrc="results_showlist" id="list_grid1" inputmode="query" label="要求書の検索">
						<section id="1576200083329">
							<sectionrow id="1576200089546">
								<sectioncol id="1576200093079">
									<section id="list_grid1_1_1_grid2_row1_col1_sec1">
										<multiparttextbox dataattribute="mrnum" descdataattribute="description" descinputmode="query" id="list_grid1_1_1"/>
										<textbox applink="person" dataattribute="requestedby" id="list_grid1_1_2" lookup="person" menutype="normal"/>
									</section>
								</sectioncol>
								<sectioncol id="1576200095151">
									<section id="1562772815983">
										<textbox dataattribute="status" id="list_grid1_1_4" lookup="valuelist"/>
									</section>
								</sectioncol>
								<sectioncol id="15762000895462">
									<section id="1576199171218">
										<textbox dataattribute="enterdate" id="list_grid1_1_21" label="入力日(開始日)" lookup="datelookup" prepend="&gt;="/>
										<textbox dataattribute="enterdate" id="list_grid1_1_31" label="入力日(終了日)" lookup="datelookup" prepend="&lt;="/>
									</section>
								</sectioncol>
							</sectionrow>
						</section>
						<sectionrow id="1576198367382">
							<sectioncol id="1576198367390">
								<blankline id="1576199204232"/>
							</sectioncol>
						</sectionrow>
						<buttongroup id="list_grid2_1_1_grid7">
							<pushbutton default="true" id="list_grid2_1_1_grid7_1" label="検索" mxevent="searchdr"/>
							<pushbutton id="list_grid2_1_1_grid7_2" label="リセット" mxevent="cleardr"/>
						</buttongroup>
					</section>
					<menubar id="querytoolbar"/>
					<table apprestrictions="requestedby in (select RESPPARTY from PERSONGROUPTEAM where PERSONGROUP in(select PERSONGROUP from PERSONGROUP where EX_AUTHORIZER in(select PERSONGROUP from PERSONGROUPTEAM where RESPPARTY=(select personid from MAXUSER where userid=:user))))or requestedby in (select RESPPARTY from PERSONGROUPTEAM where RESPPARTY=(select personid from MAXUSER where userid=:user)) or exists ( select * from groupuser where groupname in ('MAXADMIN') and userid =:user)" beanclass="psdi.webclient.beans.desktopreq.AllOpenMRsBean" datasrc="results_showlist" description="以下は開いている要求書の一覧です。特定の要求書をすばやく見つけるため、結果にフィルターを適用します。" id="results_showlist" inputmode="readonly" label="要求書" mboname="MR" orderby="enterdate desc" startempty="true" startrow="0">
						<tablebody displayrowsperpage="10" id="list_showlist_tablebody">
							<tablecol dataattribute="mrnum" id="list_showlist_tablebody_2" mxevent="selectrecord" mxevent_desc="%1 へ移動" type="link"/>
							<tablecol dataattribute="description" id="list_showlist_tablebody_3"/>
							<tablecol dataattribute="enterdate" id="list_showlist_tablebody_4"/>
							<tablecol dataattribute="status" id="list_showlist_tablebody_5"/>
							<tablecol dataattribute="EX_PURCHASEDIV" id="1563240204261" lookup="valuelist"/>
							<tablecol dataattribute="requestedby" id="list_showlist_tablebody_6"/>
							<tablecol dataattribute="totalcost" id="list_showlist_tablebody_8"/>
							<tablecol dataattribute="EX_DELIVERYPOINT" id="list_showlist_tablebody_9"/>
							<tablecol filterable="false" id="list_showlist_tablebody_10" mxevent="createtemplate" mxevent_desc="テンプレートの作成" mxevent_icon="btn_createtemp.gif" sortable="false" type="event"/>
						</tablebody>
					</table>
				</tab>
				<tab id="main" inputmode="readonly" label="メイン" type="insert">
					<section id="1562775193894">
						<hyperlink align="left" id="drmain_grid3_row_col1_sec_h_1" image="nav_icon_previous.gif" imagealign="left" label="前のレコード" mxevent="PREVIOUS" targetid="results_showlist"/>
						<hyperlink align="left" id="drmain_grid3_row_col1_sec_h_2" image="nav_icon_next.gif" imagealign="left" label="次のレコード" mxevent="NEXT" targetid="results_showlist"/>
						<hyperlink align="left" id="drmain_grid3_row_col1_sec_h_31" image="btn_SSDetailsSearch.gif" imagealign="left" label="検索" mxevent="returnMR"/>
					</section>
					<section id="1569981623415">
						<sectionrow id="1569981821156">
							<sectioncol id="15699818211562">
								<blankline id="1569981829955"/>
							</sectioncol>
						</sectionrow>
						<sectionrow id="1569981824995">
							<sectioncol id="15699818249952">
								<buttongroup align="left" id="1569981751266">
									<pushbutton id="1570427255400" label="購買要求を作成" mxevent="EX_CREATEPR" sigoption="EX_DISPLAY01"/>
								</buttongroup>
							</sectioncol>
						</sectionrow>
						<sectionrow id="1569981653627">
							<sectioncol id="15699816536272">
								<blankline id="1569981832172"/>
							</sectioncol>
						</sectionrow>
					</section>
					<section border="true" id="main_grid1">
						<sectionrow id="1562775616317">
							<sectioncol id="15627756163172">
								<section id="1562775500363">
									<sectionrow id="1562775508738">
										<sectioncol id="1562775515301">
											<multiparttextbox dataattribute="mrnum" descdataattribute="description" descinputmode="readonly" desclookup="NOne" id="main_grid1_1_1" inputmode="readonly"/>
										</sectioncol>
										<sectioncol id="1563449111714">
											<textbox dataattribute="EX_PURCHASEDIV" id="1563237749746"/>
										</sectioncol>
										<sectioncol id="1562775523660">
											<textbox dataattribute="TOTALCOST" id="1558509149385" inputmode="readonly"/>
										</sectioncol>
										<sectioncol id="1570595150944">
											<textbox dataattribute="SITEID" id="1562773785313"/>
										</sectioncol>
										<sectioncol id="1607572215135">
											<textbox dataattribute="STATUS" id="1562773780845" inputmode="readonly"/>
										</sectioncol>
										<sectioncol id="15627755087382">
											<checkbox dataattribute="EX_PRREQUESTED" id="1570595160241" inputmode="readonly"/>
										</sectioncol>
									</sectionrow>
								</section>
							</sectioncol>
						</sectionrow>
					</section>
					<tabgroup id="main_details">
						<tab default="true" id="details" label="詳細">
							<section id="step1_grid1" inputmode="readonly">
								<sectionrow id="1558443230541">
									<sectioncol id="1558443238072">
										<section id="main_grid1_1_1_grid2_row1_col1_sec1_1">
											<multiparttextbox dataattribute="MRTMPLTNUM" descdataattribute="description_tmplt" descinputmode="readonly" id="main_grid1_1_21" inputmode="readonly"/>
											<multiparttextbox dataattribute="location" descdataattribute="LOCATIONS.description" descinputmode="readonly" desclookup="none" id="1558424074744" lookup="LOCATIONS"/>
											<multiparttextbox dataattribute="ASSETNUM" descdataattribute="ASSET.description" descinputmode="readonly" desclookup="none" id="1558424042229" label="機器" lookup="ASSET"/>
										</section>
									</sectioncol>
									<sectioncol id="1558443235432">
										<section id="main_grid1_1_1_grid2_row1_col2_sec1_1">
											<multiparttextbox applink="PERSON" dataattribute="REQUESTEDBY" descdataattribute="EX_PERSON01.displayname" descinputmode="readonly" desclookup="none" id="1558427545072" lookup="PERSON" menutype="NORMAL"/>
											<multiparttextbox dataattribute="EX_PERSONGROUP" descdataattribute="EX_PERSONGROUP02.DESCRIPTION" descinputmode="readonly" desclookup="none" id="1559289982525" inputmode="readonly" label="要求者組織"/>
											<textbox dataattribute="EX_DELIVERYPOINT" id="1603345172301"/>
											<textbox dataattribute="requireddate" id="main_grid1_1_2_1" label="納入希望日" lookup="datelookup"/>
										</section>
									</sectioncol>
									<sectioncol id="15584432305412">
										<section id="1558420116604">
											<sectionrow id="1558420119760">
												<sectioncol id="15584201197602">
													<textbox dataattribute="ENTERDATE" id="1558424428744"/>
													<multiparttextbox applink="PERSON" dataattribute="CHANGEBY" descdataattribute="EX_PERSON02.DISPLAYNAME" descinputmode="readonly" desclookup="none" id="1558427553213" inputmode="readonly" label="更新者" lookup="PERSON" menutype="NORMAL"/>
													<textbox dataattribute="changedate" id="1558427476213" label="更新日"/>
												</sectioncol>
											</sectionrow>
										</section>
									</sectioncol>
								</sectionrow>
							</section>
							<table beanclass="psdi.webclient.beans.desktopreq.MRActionsBean" id="reqlines_table" inputmode="readonly" label="要求書明細項目" listeners="mrline0specification_pdspectable" orderby="mrlinenum" relationship="MRLINE">
								<defaultvalue dataattribute="EX_BUDGETNUM" defaulttype="insert" fromattribute="EX_BUDGETNUM" fromdatasrc="mainrecord" id="1559288330088"/>
								<defaultvalue dataattribute="EX_DELIVERYPOINT" defaulttype="insert" fromattribute="EX_DELIVERYPOINT" fromdatasrc="mainrecord" id="1561631925338"/>
								<tablebody displayrowsperpage="10" filterable="true" filterexpanded="false" id="reqlines_tablebody2">
									<tablecol filterable="false" id="reqlines_tablebody_20" mxevent="toggledetailstate" mxevent_desc="詳細の表示" sortable="false" type="event"/>
									<tablecol dataattribute="mrlinenum" id="reqlines_tablebody_21"/>
									<tablecol dataattribute="requireddate" id="reqlines_tablebody_23" label="納入希望日" lookup="datelookup"/>
									<tablecol dataattribute="LINETYPE" id="1607575353376"/>
									<tablecol dataattribute="description" id="reqlines_tablebody_25" label="件名"/>
									<tablecol dataattribute="qty" id="reqlines_tablebody_22" label="必要数量"/>
									<tablecol dataattribute="ORDERUNIT" id="1607572996027"/>
									<tablecol dataattribute="UNITCOST" id="1607575390633"/>
									<tablecol dataattribute="LINECOST" id="1607575388274"/>
								</tablebody>
								<tabledetails id="reqlines_tabledetails">
									<section id="reqlines_tabledetails_1" label="詳細">
										<sectionrow id="1568262265438">
											<sectioncol id="1568262276732">
												<section id="reqlines_tabledetails_1_row1_col1_sec1">
													<textbox dataattribute="mrlinenum" id="reqlines_tabledetails_1_row2_col1_sec19" ondatachange="resetchildren"/>
													<combobox dataattribute="linetype" id="reqlines_tabledetails_1_row2_col1_sec10"/>
													<textbox dataattribute="DESCRIPTION" id="1568262129594" label="件名"/>
												</section>
											</sectioncol>
											<sectioncol id="1568262273716">
												<section id="reqlines_tabledetails_1_row1_col2_sec1">
													<textbox dataattribute="EX_DELIVERYPOINT" id="1603345211323"/>
													<textbox dataattribute="REQUIREDDATE" id="1558434235041" label="納入希望日" lookup="datelookup"/>
													<textbox dataattribute="REMARKS" id="1558434609275"/>
												</section>
											</sectioncol>
											<sectioncol id="15682622654382">
												<section id="1562772210216">
													<sectionrow id="1562772216034">
														<sectioncol id="15627722160342">
															<textbox dataattribute="qty" id="reqlines_tabledetails_1_row2_col1_sec11" inputmode="required" label="必要数量"/>
															<textbox dataattribute="orderunit" id="reqlines_tabledetails_1_row2_col1_sec12" lookup="measureunit"/>
															<textbox dataattribute="unitcost" id="reqlines_tabledetails_1_row2_col1_sec13"/>
															<textbox dataattribute="linecost" id="reqlines_tabledetails_1_row2_col1_sec14" inputmode="readonly"/>
														</sectioncol>
													</sectionrow>
												</section>
											</sectioncol>
										</sectionrow>
										<blankline id="1607572948272"/>
										<sectionrow id="1568262319435">
											<section border="false" id="main_attachments">
												<table beanclass="psdi.webclient.beans.doclinks.DocLinksBean" description="下のボタンのいずれかをクリックすると、サービス要求に添付ファイルが追加されます。" id="attachments_table" inputmode="readonly" label="添付" orderby="ownertable, doctype" relationship="DOCLINKS">
													<tablebody displayrowsperpage="5" id="attachments_tablebody">
														<tablecol dataattribute="doctype" id="attachments_tablecol_1"/>
														<tablecol dataattribute="document" id="attachments_tablecol_2" type="openurl" urlattribute="weburl"/>
														<tablecol dataattribute="docinfo.description" id="attachments_tablecol_3"/>
														<tablecol filterable="false" id="attachments_tablecol_4" mxevent="toggledeleterow" mxevent_desc="行を削除対象にマーク" mxevent_icon="btn_garbage.gif" sortable="false" type="event"/>
													</tablebody>
													<buttongroup id="attachments_buttongroup">
														<pushbutton id="attachments_pushbutton_1" label="ファイルの添付" mxevent="ex_ssaddnewattachmentfile"/>
													</buttongroup>
													<tabledetails id="attachments_tabledetails"/>
												</table>
											</section>
										</sectionrow>
									</section>
								</tabledetails>
							</table>
							<section id="step1_grid11">
								<buttongroup id="main_buttons">
									<pushbutton default="true" id="main_b1" label="テンプレートの作成" mxevent="createtemplate"/>
									<pushbutton id="1607940384740" label="要求書の作成/編集" mxevent="editdr"/>
									<pushbutton id="1580273480462" label="ステータスの変更" mxevent="changestatus"/>
								</buttongroup>
							</section>
						</tab>
						<tab id="history" label="履歴">
							<table id="status_table" inputmode="readonly" label="ステータス履歴" relationship="MRSTATUS">
								<tablebody displayrowsperpage="5" filterable="true" filterexpanded="false" id="status_tablebody">
									<tablecol dataattribute="status" id="status_tablebody_1"/>
									<tablecol dataattribute="changedate" id="status_tablebody_2"/>
									<tablecol dataattribute="changeby" id="status_tablebody_3"/>
									<tablecol dataattribute="memo" id="status_tablebody_4"/>
								</tablebody>
							</table>
							<table id="pr_table" label="購買要求書ステータス履歴" relationship="PR">
								<tablebody displayrowsperpage="5" filterable="true" filterexpanded="false" id="pr_tablebody">
									<tablecol applink="pr" dataattribute="prnum" id="pr_tablebody_1" menutype="normal"/>
									<tablecol dataattribute="issuedate" id="pr_tablebody_2" inputmode="readonly"/>
									<tablecol dataattribute="status" id="pr_tablebody_3" inputmode="readonly"/>
								</tablebody>
							</table>
							<table id="po_table" label="注文書ステータス履歴" relationship="PO">
								<tablebody displayrowsperpage="5" filterable="true" filterexpanded="false" id="po_tablebody">
									<tablecol applink="po" dataattribute="ponum" id="po_tablebody_1" menutype="normal"/>
									<tablecol dataattribute="orderdate" id="po_tablebody_2" inputmode="readonly"/>
									<tablecol dataattribute="status" id="po_tablebody_3" inputmode="readonly"/>
								</tablebody>
							</table>
						</tab>
					</tabgroup>
				</tab>
			</tabgroup>
		</clientarea>
		<include controltoclone="pageFooter" id="INCLUDE-pageFooter"/>
	</page>

	<dialog id="CHANGESTATUS" label="ステータスの変更" relationship="MRCHANGESTATUS">
		<section border="true" datasrc="MAINRECORD" id="changestatus_grid1_1_1_grid3">
			<multiparttextbox dataattribute="mrnum" descdataattribute="description" descinputmode="readonly" id="changestatus_grid1_1_1_grid3_1"/>
			<multiparttextbox dataattribute="status" descdataattribute="statusdesc.description" descinputmode="readonly" id="changestatus_grid1_1_1_grid3_5"/>
		</section>
		<section id="changestatus_grid1_1_1_grid4">
			<combobox dataattribute="status" id="changestatus_grid1_1_1_grid4_1"/>
			<textbox dataattribute="statdate" id="changestatus_grid1_1_1_grid4_2" lookup="datelookup"/>
			<textbox dataattribute="memo" id="changestatus_grid1_1_1_grid4_3"/>
		</section>
		<buttongroup id="changestatus_2">
			<pushbutton clickmessage="Status has been changed." default="true" id="changestatus_2_1" label="OK" mxevent="dialogok"/>
			<pushbutton id="changestatus_2_2" label="キャンセル" mxevent="dialogcancel"/>
		</buttongroup>
	</dialog>

	<dialog beanclass="psdi.webclient.beans.desktopreq.ResultQbeBean" id="searchmore" inputmode="query" label="検索条件の入力">
		<section id="qbe_grid5">
			<sectionrow id="qbe_grid5_r1">
				<sectioncol id="qbe_grid5_r1_c1">
					<section id="qbe_grid5_r1_c1_s1">
						<multiparttextbox dataattribute="mrnum" descdataattribute="DESCRIPTION" descinputmode="query" id="qbe_grid5_1_1_1" inputmode="query"/>
						<textbox applink="person" dataattribute="requestedby" id="qbe_grid5_1_1_7" inputmode="query" lookup="person" menutype="normal"/>
						<textbox applink="person" dataattribute="requestedfor" id="qbe_grid5_1_1_8" inputmode="query" lookup="person" menutype="normal"/>
						<textbox dataattribute="shipto" id="qbe_grid5_1_1_10" inputmode="query" lookup="billtoshiptoaddress"/>
						<multiparttextbox applink="location,ipc" dataattribute="location" descdataattribute="locations.description" descinputmode="query" id="qbe_grid5_1_1_14" inputmode="query" lookup="locations" menutype="locations"/>
						<multiparttextbox applink="asset,ipc" dataattribute="assetnum" descdataattribute="asset.description" descinputmode="query" id="qbe_grid5_1_1_12" inputmode="query" lookup="asset" menutype="assetmain"/>
						<textbox dataattribute="gldebitacct" id="qbe_grid5_1_1_13" inputmode="query" lookup="glnavigator"/>
						<combobox dataattribute="pcardtype" id="qbe_grid5_1_1_15" inputmode="query"/>
					</section>
				</sectioncol>
				<sectioncol id="qbe_grid5_r1_c2">
					<section id="qbe_grid5_r1_c2_s1">
						<textbox dataattribute="status" id="qbe_grid5_1_1_16" inputmode="query"/>
						<textbox dataattribute="siteid" id="qbe_grid5_1_1_11" inputmode="query" lookup="site"/>
						<textbox dataattribute="historyflag" id="qbe_grid5_1_1_17" inputmode="query"/>
						<textbox dataattribute="priority" id="qbe_grid5_1_1_6" inputmode="query"/>
						<textbox applink="person" dataattribute="enterby" id="qbe_grid5_1_1_3" inputmode="query" lookup="person" menutype="normal"/>
						<textbox applink="person" dataattribute="changeby" id="qbe_grid5_1_1_4" inputmode="query" lookup="person" menutype="normal"/>
					</section>
				</sectioncol>
			</sectionrow>
		</section>
		<section id="qbe_date_s1" label="日付">
			<sectionrow id="qbe_date_r1">
				<sectioncol id="qbe_date_r1_c1">
					<section id="qbe_date_r1_c1_s1">
						<sectionrow id="qbe_date_s1_r1">
							<sectioncol id="qbe_date_s1_r1_c1">
								<section id="qbe_date_s1_r1_c1_s1">
									<statictext align="center" id="qbe_date_s1_r1_c1_s1_st1"/>
								</section>
							</sectioncol>
							<sectioncol id="qbe_date_s1_r1_c2">
								<section id="qbe_date_s1_r1_c2_s1">
									<statictext align="center" id="qbe_date_s1_r1_c2_s1_st1" label="開始日"/>
								</section>
							</sectioncol>
							<sectioncol id="qbe_date_s1_r1_c3">
								<section id="qbe_date_s1_r1_c3_s1">
									<statictext align="center" id="qbe_date_s1_r1_c3_s1_st1" label="終了日"/>
								</section>
							</sectioncol>
						</sectionrow>
						<sectionrow id="qbe_date_s1_r2">
							<sectioncol id="qbe_date_s1_r2_c1">
								<section id="qbe_date_s1_r2_c1_s1">
									<statictext align="right" id="qbe_date_s1_r2_c1_s1_t1" label="入力日"/>
								</section>
							</sectioncol>
							<sectioncol id="qbe_date_s1_r2_c2">
								<section id="qbe_date_s1_r2_c2_s1">
									<textbox dataattribute="enterdate" id="qbe_grid5_1_1_5a" inputmode="query" lookup="datelookup" prepend="&gt;="/>
								</section>
							</sectioncol>
							<sectioncol id="qbe_date_s1_r2_c3">
								<section id="qbe_date_s1_r2_c3_s1">
									<textbox dataattribute="enterdate" id="qbe_grid5_1_1_5b" inputmode="query" lookup="datelookup" prepend="&lt;="/>
								</section>
							</sectioncol>
						</sectionrow>
						<sectionrow id="qbe_date_s1_r3">
							<sectioncol id="qbe_date_s1_r3_c1">
								<section id="qbe_date_s1_r3_c1_s1">
									<statictext align="right" id="qbe_date_s1_r3_c1_s1_t1" label="要求日"/>
								</section>
							</sectioncol>
							<sectioncol id="qbe_date_s1_r3_c2">
								<section id="qbe_date_s1_r3_c2_s1">
									<textbox dataattribute="mrdate" id="qbe_grid5_1_1_2a" inputmode="query" lookup="datelookup" prepend="&gt;="/>
								</section>
							</sectioncol>
							<sectioncol id="qbe_date_s1_r3_c3">
								<section id="qbe_date_s1_r3_c3_s1">
									<textbox dataattribute="mrdate" id="qbe_grid5_1_1_2b" inputmode="query" lookup="datelookup" prepend="&lt;="/>
								</section>
							</sectioncol>
						</sectionrow>
						<sectionrow id="qbe_date_s1_r4">
							<sectioncol id="qbe_date_s1_r4_c1">
								<section id="qbe_date_s1_r4_c1_s1">
									<statictext align="right" id="qbe_date_s1_r4_c1_s1_t1" label="使用日"/>
								</section>
							</sectioncol>
							<sectioncol id="qbe_date_s1_r4_c2">
								<section id="qbe_date_s1_r4_c2_s1">
									<textbox dataattribute="requireddate" id="qbe_grid5_1_1_9a" inputmode="query" lookup="datelookup" prepend="&gt;="/>
								</section>
							</sectioncol>
							<sectioncol id="qbe_date_s1_r4_c3">
								<section id="qbe_date_s1_r4_c3_s1">
									<textbox dataattribute="requireddate" id="qbe_grid5_1_1_9b" inputmode="query" lookup="datelookup" prepend="&lt;="/>
								</section>
							</sectioncol>
						</sectionrow>
					</section>
				</sectioncol>
				<sectioncol id="qbe_date_r1_c2">
					<section id="qbe_date_r1_c2_s1">
						<blankline id="qbe_blkline"/>
					</section>
				</sectioncol>
			</sectionrow>
		</section>
		<buttongroup id="qbe_btns">
			<pushbutton default="true" id="qbe_btns_1" label="検索" mxevent="dialogok"/>
			<pushbutton id="qbe_restoreappdefault_button" label="アプリケーション・デフォルトのリストア" mxevent="qbeclear"/>
			<pushbutton id="qbe_revisebutton" label="改訂" menutype="SEARCHMOREREVISE" targetid="searchmore"/>
			<pushbutton id="qbe_btns_3" label="キャンセル" mxevent="qbecancel"/>
		</buttongroup>
	</dialog>

	<dialog id="linkproperties" label="添付のプロパティー">
		<section border="true" id="linkproperties_1">
			<textbox dataattribute="doctype" id="linkproperties_1_2" inputmode="readonly" label="作成先フォルダー"/>
			<textbox dataattribute="doctypes.description" id="linkproperties_1_3"/>
			<checkbox dataattribute="printthrulink" id="linkproperties_1_4" label="ワークパックとともに印刷"/>
			<textbox dataattribute="docversion" id="linkproperties_1_5" label="バージョン"/>
			<textbox dataattribute="urlname" id="linkproperties_1_6" label="パス"/>
			<textbox dataattribute="description" id="linkproperties_1_7"/>
			<textbox dataattribute="createby" id="linkproperties_1_8" label="作成者"/>
			<textbox dataattribute="createdate" id="linkproperties_1_9" label="作成日"/>
		</section>
		<table id="linkproperties_table" label="使用ロケーション" relationship="WHEREUSED">
			<tablebody displayrowsperpage="14" id="linkproperties_table_1">
				<tablecol dataattribute="ownertable" id="linkproperties_table_1_1" label="アプリケーション"/>
				<tablecol dataattribute="ownerid" id="linkproperties_table_1_2" label="ID"/>
				<tablecol dataattribute="doctype" id="linkproperties_table_1_3" label="文書フォルダー"/>
			</tablebody>
		</table>
		<buttongroup id="linkproperties_buttongrid1">
			<pushbutton default="true" id="linkproperties_buttongrid1_2" label="OK" mxevent="dialogclose"/>
		</buttongroup>
	</dialog>

	<dialog beanclass="psdi.webclient.beans.desktopreq.DistCostsBean" id="distcosts" label="コストの分配" relationship="MRCOST">
		<helpgrid id="distcosts_help" innerhtml="現在の要求書明細項目のコストを追加の勘定科目に分配するには「新規行」をクリックします。終了後、または変更しない場合は、「OK」をクリックします。"/>
		<section height="160" id="distcosts_grid1">
			<sectionrow id="distcosts_grid1_1">
				<sectioncol id="distcosts_grid1_1_1">
					<section border="true" datasrc="reqlines_table" id="distcosts_grid1_1_1_grid2">
						<multiparttextbox dataattribute="itemnum" descdataattribute="description" descinputmode="readonly" id="distcosts_grid1_1_1_grid2_1" inputmode="readonly"/>
						<textbox dataattribute="qty" id="distcosts_grid1_1_1_grid2_3" inputmode="readonly"/>
						<textbox dataattribute="orderunit" id="distcosts_grid1_1_1_grid2_4" inputmode="readonly"/>
						<textbox dataattribute="unitcost" id="distcosts_grid1_1_1_grid2_6" inputmode="readonly"/>
						<textbox dataattribute="linecost" id="distcosts_grid1_1_1_grid2_7" inputmode="readonly"/>
					</section>
					<table id="distcosts_table" label="コストの割り当て">
						<tablebody displayrowsperpage="10" id="distcosts_table_tablebody">
							<tablecol dataattribute="percentage" id="distcosts_table_tablebody_2" inputmode="readonly"/>
							<tablecol dataattribute="linecost" id="distcosts_table_tablebody_3" inputmode="readonly"/>
							<tablecol dataattribute="gldebitacct" id="distcosts_table_tablebody_5" inputmode="readonly"/>
						</tablebody>
					</table>
				</sectioncol>
			</sectionrow>
		</section>
		<buttongroup id="distcosts_2">
			<pushbutton default="true" id="distcosts_2_1" label="OK" mxevent="distributecosts"/>
		</buttongroup>
	</dialog>
	<configurationblock id="datastore_configurationblock">
	</configurationblock>
</presentation>
