<?xml version="1.0" encoding="UTF-8"?>

<presentation apphelp="com.ibm.mbs.doc,sr/c_sr_application.html" beanclass="jp.co.exa_corp.webclient.beans.servicedesk.ExSRAppBean" id="ex_sr" ismobile="false" mboname="SR" orderby="TICKETID" resultstableid="results_showlist" version="7.1.0.0">
	<page id="mainrec" scroll="false">
		<include controltoclone="pageHeader" id="INCLUDE-pageHeader"/>
		<clientarea id="clientarea">
			<datasrc id="serv_add" relationship="SERVICEADDRESS"/>
			<tabgroup id="maintabs" style="form">
				<tab default="true" id="results" label="一覧" type="list">
					<menubar event="search" id="actiontoolbar" sourcemethod="getAppSearchOptions"/>
					<table datasrc="results_showlist" id="results_showlist" inputmode="readonly" label="作業依頼" mboname="SR" orderby="REPORTDATE DESC" selectmode="multiple">
						<tablebody displayrowsperpage="50" filterable="true" filterexpanded="true" id="results_showlist_tablebody">
							<tablecol dataattribute="ticketid" filterable="false" id="results_showlist_tablebody_1" mxevent="toggleselectrow" mxevent_desc="行 {0} の選択" sortable="false" type="event"/>
							<tablecol dataattribute="TICKETID" id="results_showlist_tablebody_2" label="作業依頼" mxevent="selectrecord" mxevent_desc="%1 へ移動" type="link"/>
							<tablecol dataattribute="DESCRIPTION" id="results_showlist_tablebody_3" label="依頼件名" sortable="false" width="250"/>
							<tablecol dataattribute="status" id="results_showlist_tablebody_6" linkedcontrolid="qbe_grid2_1_1_grid5_3"/>
							<tablecol dataattribute="REPORTDATE" id="1536639003920" lookup="DATELOOKUP" width="100"/>
							<tablecol dataattribute="EX_WORKVIEW01.REPORTEDBYNAME" id="results_showlist_tablebody_4" label="報告者名" width="150"/>
							<tablecol dataattribute="EX_LOCATIONS01.DESCRIPTION" id="1585119117810" label="上位階層ロケーション名" width="150"/>
							<tablecol dataattribute="LOCATION.DESCRIPTION" id="1536125694440" label="ロケーション名" width="150"/>
							<tablecol dataattribute="ASSETNUM" id="1586158224799" label="機器番号" lookup="USERCUST" menutype="ASSETMAIN"/>
							<tablecol dataattribute="ASSET.DESCRIPTION" id="1536128325845" label="機器名" width="200"/>
							<tablecol dataattribute="ISKNOWNERRORDATE" id="1585024169749" label="発生日" lookup="DATELOOKUP"/>
							<tablecol dataattribute="EX_ALNDOMAIN01.DESCRIPTION" id="1536639036805" label="優先度" width="150"/>
							<tablecol dataattribute="EX_PERSONGROUP01.DESCRIPTION" id="1537420387522" label="依頼先部署名" width="130"/>
							<tablecol dataattribute="EX_REQUESTEDDEPTCOMMENT" id="1537420390217" label="承認者 / 依頼先部署コメント" width="150"/>
							<tablecol dataattribute="EX_WORKTYPE" id="1536128412016" label="ワークタイプ" lookup="worktype" width="60"/>
							<tablecol dataattribute="SITEID" id="1593333041513" lookup="SITE"/>
							<tablecol filterable="false" id="results_bookmark" mxevent="BOOKMARK" mxevent_desc="ブックマークに追加" mxevent_icon="btn_addtobookmarks.gif" sortable="false" type="event"/>
						</tablebody>
					</table>
				</tab>
				<tab id="main" label="作業依頼" type="insert">
					<section border="true" id="main_grid1">
						<sectionrow id="main_grid1_row1">
							<sectioncol id="main_grid1_row1_col1">
								<section id="main_grid1_row1_col1_1">
									<textbox dataattribute="TICKETID" id="1560735598591" inputmode="readonly" label="作業依頼"/>
									<textbox dataattribute="DESCRIPTION" id="1560735554482" inputmode="required" label="依頼件名"/>
									<textbox dataattribute="ISKNOWNERRORDATE" id="1585023623178" inputmode="required" label="発生日" lookup="DATELOOKUP"/>
								</section>
							</sectioncol>
							<sectioncol id="1557902752322">
								<section id="main_grid2_row1_col1_1">
									<textbox applink="person" dataattribute="reportedbyid" id="main_grid2a_col1_1" lookup="person" menutype="persontkt"/>
									<textbox applink="person" dataattribute="reportedbyname" id="main_grid2a_col2_1" lookup="personname" menutype="persontkt"/>
									<textbox dataattribute="EX_PERSONGROUPVIEW01.EX_PERSONGROUP01.DESCRIPTION" id="1536200481197" inputmode="readonly" label="報告者部署"/>
									<textbox dataattribute="reportdate" id="1557902809088" inputmode="readonly"/>
								</section>
							</sectioncol>
							<sectioncol id="1471602663046">
								<section id="main_grid1_row1_col3">
									<textbox dataattribute="STATUS" id="1556259942057"/>
									<textbox dataattribute="siteid" id="main_grid1__col3_1" inputmode="readonly" lookup="site" size="15"/>
								</section>
							</sectioncol>
						</sectionrow>
					</section>
					<section id="main_grid3" label="作業依頼の詳細">
						<section id="srheader01">
							<sectionrow id="srheader01_r01">
								<sectioncol id="srheader01_r01_c01">
									<multiparttextbox applink="EX_LOC" dataattribute="EX_LOCATIONS01.LOCATION" descdataattribute="EX_LOCATIONS01.DESCRIPTION" descinputmode="readonly" desclookup="NONE" id="1585119644311" inputmode="readonly" label="上位階層ロケーション" menutype="NORMAL"/>
									<multiparttextbox applink="EX_LOC" dataattribute="location" descdataattribute="location.description" descinputmode="readonly" desclookup="NONE" id="main_grid3a_row2_col1_2" inputmode="required" lookup="ex_locations" menutype="locations" ondatachange="resetchildren"/>
									<multiparttextbox applink="EX_ASSET" dataattribute="assetnum" descdataattribute="asset.description" descinputmode="readonly" desclookup="NONE" id="main_grid3a_row2_col1_1" label="機器" lookup="usercust" menutype="assetmain" ondatachange="resetchildren"/>
								</sectioncol>
								<sectioncol id="srheader01_r01_c02"/>
							</sectionrow>
							<sectionrow id="srheader01_r02">
								<sectioncol id="srheader01_r02_c01"/>
								<sectioncol id="srheader01_r02_c02"/>
							</sectionrow>
							<sectionrow id="srheader01_r03">
								<sectioncol id="srheader01_r03_c01">
									<textbox dataattribute="ASSET.CLASSSTRUCTURE.HIERARCHYPATH" id="1562116939923" inputmode="readonly" label="分類"/>
								</sectioncol>
								<sectioncol id="srheader01_r03_c02"/>
							</sectionrow>
						</section>
						<section id="srbody01">
							<sectionrow id="1606270168879">
								<sectioncol id="1606270173550">
									<multilinetextbox columns="60" dataattribute="EX_SRDETAIL" id="1557822624697" inputmode="required" rows="14"/>
								</sectioncol>
								<sectioncol id="16062701688792">
									<section border="false" id="main_attachments">
										<sectionrow id="attachments_sectionrow">
											<sectioncol id="attachments_sectioncol">
												<table beanclass="psdi.webclient.beans.doclinks.DocLinksBean" description="下のボタンのいずれかをクリックすると、サービス要求に添付ファイルが追加されます。" id="attachments_table" inputmode="readonly" label="添付" orderby="ownertable, doctype" relationship="DOCLINKS">
													<tablebody displayrowsperpage="3" id="attachments_tablebody">
														<tablecol dataattribute="doctype" id="attachments_tablecol_1"/>
														<tablecol dataattribute="document" id="attachments_tablecol_2" type="openurl" urlattribute="weburl"/>
														<tablecol dataattribute="docinfo.description" id="attachments_tablecol_3"/>
														<tablecol filterable="false" id="attachments_tablecol_4" mxevent="toggledeleterow" mxevent_desc="行を削除対象にマーク" mxevent_icon="btn_garbage.gif" sortable="false" type="event"/>
													</tablebody>
													<buttongroup id="attachments_buttongroup">
														<pushbutton id="attachments_pushbutton_1" label="ファイルの添付" mxevent="ex_ssaddnewattachmentfile"/>
													</buttongroup>
													<tabledetails id="attachments_tabledetails"/>
												</table>
											</sectioncol>
										</sectionrow>
									</section>
								</sectioncol>
							</sectionrow>
						</section>
						<section id="1557822754228">
							<sectionrow id="1557822684525">
								<sectioncol id="15578226845252">
									<defaultvalue dataattribute="EX_WORKTYPE" defaulttype="insert" id="1606270467467" value="BM"/>
									<multiparttextbox dataattribute="EX_WORKTYPE" descdataattribute="EX_WORKTYPE01.WTYPEDESC" descinputmode="readonly" id="1557822702541" inputmode="required" label="ワークタイプ" lookup="worktype"/>
								</sectioncol>
								<sectioncol id="15578226845253">
									<multiparttextbox dataattribute="EX_SRPRIORITY" descdataattribute="EX_ALNDOMAIN01.DESCRIPTION" descinputmode="readonly" id="1557822705182" inputmode="required" label="優先度" lookup="valuelist"/>
								</sectioncol>
							</sectionrow>
						</section>
						<section id="srbody03">
							<sectionrow id="1564123820418">
								<sectioncol id="1564123841589">
									<multiparttextbox applink="EX_PERSONGR" dataattribute="EX_REQUESTDEPT" descdataattribute="EX_PERSONGROUP01.DESCRIPTION" descinputmode="readonly" desclookup="NONE" id="1558416255338" inputmode="required" lookup="EX_WOPERSONGROUP" menutype="NORMAL"/>
								</sectioncol>
								<sectioncol id="15641238204182">
									<section id="1564124242449">
										<sectionrow id="1564124247731">
											<sectioncol id="1564124250060">
												<pushbutton id="1564124276902" label="作業指示書の作成" mxevent="EX_CREATEWO" sigoption="EX_CREATEWO"/>
											</sectioncol>
										</sectionrow>
									</section>
								</sectioncol>
							</sectionrow>
						</section>
					</section>
					<section id="1594625827369" label="依頼した作業の状況">
						<sectionrow id="1594625827384">
							<sectioncol id="15946258273842">
								<section id="1594625827400">
									<multilinetextbox columns="40" dataattribute="EX_REQUESTEDDEPTCOMMENT" id="15946258274002" label="承認者 / 依頼先部署コメント" rows="3"/>
								</section>
							</sectioncol>
							<sectioncol id="1595833372997">
								<section id="15946258274004">
									<pushbutton id="1597891272386" label="依頼の破棄" mxevent="ex_discard" sigoption="EX_DISCARD"/>
									<pushbutton id="15946258274152" label="依頼の差戻し" mxevent="ex_remandsr" sigoption="EX_REMAND"/>
								</section>
							</sectioncol>
							<sectioncol id="1595834048581">
								<section id="1595833393612">
									<table id="15946258274155" inputmode="readonly" label="差戻し理由" relationship="EX_TKSTATUS01">
										<tablebody filterable="true" id="15946258274156">
											<tablecol dataattribute="MEMO" id="15946258274157" label="差戻し理由" width="300"/>
											<tablecol dataattribute="CHANGEDATE" id="1594625827431" label="差戻し日" width="150"/>
											<tablecol dataattribute="EX_PERSON01.DISPLAYNAME" id="15946258274312" label="担当者" width="150"/>
										</tablebody>
									</table>
								</section>
							</sectioncol>
							<sectioncol id="1595834057266"/>
							<sectioncol id="15946258274003"/>
						</sectionrow>
					</section>
					<table beanclass="psdi.webclient.beans.common.MultiAssetLocCIBean" id="1594627199886" label="複数の機器、ロケーション" relationship="MULTIASSETLOCCI">
						<tablebody displayrowsperpage="5" filterable="true" id="15946271998862">
							<tablecol filterable="false" id="1594627199901" mxevent="toggledetailstate" mxevent_desc="詳細の表示" sortable="false" type="event"/>
							<tablecol applink="EX_ASSET" dataattribute="assetnum" id="15946271999012" label="機器" lookup="usercust" menutype="assetmain"/>
							<tablecol applink="EX_LOC" dataattribute="Location" id="15946271999013" lookup="ex_locations" menutype="locations"/>
							<tablecol dataattribute="sequence" id="15946271999014"/>
							<tablecol dataattribute="progress" id="15946271999015"/>
							<tablecol dataattribute="siteid" id="15946271999016" lookup="site"/>
							<tablecol filterable="false" id="1594627199916" mxevent="toggledeleterow" mxevent_desc="行を削除対象にマーク" mxevent_icon="btn_garbage.gif" sortable="false" type="event"/>
						</tablebody>
						<tabledetails id="15946271999162">
							<section id="15946271999163" label="詳細">
								<sectionrow id="15946271999164">
									<sectioncol id="1594627199932">
										<section id="15946271999322">
											<multiparttextbox applink="EX_ASSET01" dataattribute="assetnum" defaultfocus="true" descdataattribute="asset.description" descinputmode="readonly" desclookup="NONE" id="15946271999323" label="機器" lookup="usercust" menutype="assetmain"/>
											<multiparttextbox applink="EX_LOC01" dataattribute="location" descdataattribute="location.description" descinputmode="readonly" desclookup="NONE" id="15946271999324" lookup="locusercust" menutype="locations"/>
										</section>
									</sectioncol>
									<sectioncol id="15946271999325">
										<section id="15946271999326">
											<textbox dataattribute="sequence" id="15946271999327"/>
											<checkbox dataattribute="progress" id="15946271999328"/>
											<textbox dataattribute="siteid" id="1594627199948" lookup="site"/>
										</section>
									</sectioncol>
								</sectionrow>
							</section>
						</tabledetails>
						<buttongroup id="15946271999482">
							<pushbutton id="15946271999483" label="すべてクリア" mxevent="clearall"/>
							<pushbutton default="true" id="15946271999484" label="新規行" mxevent="addrow"/>
						</buttongroup>
					</table>
				</tab>
				<tab id="relatedrec" label="関連するレコード">
					<section border="true" id="relatedrec_grid1">
						<section id="1581656902348">
							<sectionrow id="1581656908254">
								<sectioncol id="1581656910379">
									<section id="relatedrec_top_1_grid8_col1">
										<multiparttextbox dataattribute="ticketid" defaultfocus="true" descdataattribute="description" descinputmode="readonly" desclookup="NONE" id="relatedrec_grid1_1" inputmode="readonly" label="作業依頼"/>
									</section>
								</sectioncol>
								<sectioncol id="1581656912269">
									<section id="relatedrec_top_1_grid1_col2">
										<textbox dataattribute="siteid" id="relatedrec_grid3a_col2_11" inputmode="readonly" lookup="site"/>
									</section>
								</sectioncol>
								<sectioncol id="1581656918305">
									<section id="relatedrec_top_1_grid1_col3">
										<textbox dataattribute="status" id="relatedrec_grid1_3"/>
									</section>
								</sectioncol>
								<sectioncol id="15816569082542"/>
							</sectionrow>
						</section>
					</section>
					<table id="relatedrec_related_ticket" label="関連する作業依頼" orderby="relatedreckey" relationship="RELATEDTICKET">
						<tablebody displayrowsperpage="10" filterable="true" id="relatedrec_related_ticket_tablebody">
							<tablecol filterable="false" id="relatedrec_related_ticket_tablebody_1" mxevent="toggledetailstate" mxevent_desc="詳細の表示" sortable="false" type="event"/>
							<tablecol dataattribute="relatedreckey" id="relatedrec_related_ticket_tablebody_2" label="作業依頼" sortable="false">
								<textbox applink="ex_sr" id="relatedrec_related_ticket_tablebody_2a" lookup="ticket" menutype="ticket"/>
							</tablecol>
							<tablecol dataattribute="relatedrectk.description" id="relatedrec_related_ticket_tablebody_3" label="依頼件名" showfilterfield="true" sortable="false">
								<textbox id="relatedrec_related_ticket_tablebody_3a" inputmode="readonly" longdescreadonly="true" lookup="longdesc"/>
							</tablecol>
							<tablecol dataattribute="relatedrecclass" id="relatedrec_related_ticket_tablebody_4" linkedcontrolid="relatedrec_related_ticket_1_grid3_4"/>
							<tablecol dataattribute="RELATEDRECTK.STATUS" id="relatedrec_related_ticket_tablebody_5" label="ステータス" linkedcontrolid="relatedrec_related_ticket_1_grid3_3"/>
							<tablecol dataattribute="relatetype" id="relatedrec_related_ticket_tablebody_6" linkedcontrolid="relatedrec_related_ticket_1_grid3_5"/>
							<tablecol filterable="false" id="relatedrec_related_ticket_tablebody_7" mxevent="toggledeleterow" mxevent_desc="行を削除対象にマーク" mxevent_icon="btn_garbage.gif" sortable="false" type="event"/>
						</tablebody>
						<tabledetails id="relatedrec_related_ticket_1">
							<section id="relatedrec_grid2" label="詳細">
								<sectionrow id="relatedrec_grid2_row1">
									<sectioncol id="relatedrec_grid2_row1_col1">
										<section id="relatedrec_grid2_1_col1">
											<multiparttextbox dataattribute="relatedreckey" descdataattribute="relatedrectk.description" descinputmode="readonly" desclookup="NONE" dynamic="true" id="relatedrec_related_ticket_1_grid7_1" label="作業依頼" lookup="ticket" menutype="ticket"/>
											<textbox dataattribute="relatedrecclass" dynamic="true" id="relatedrec_related_ticket_1_grid3_4" lookup="valuelist"/>
											<multiparttextbox dataattribute="relatedrectkt.location" descdataattribute="relatedrectkt.location.description" descinputmode="readonly" desclookup="NONE" id="relatedrec_related_ticket_1_grid7_7" inputmode="readonly"/>
											<multiparttextbox dataattribute="relatedrectkt.assetnum" descdataattribute="relatedrectkt.asset.description" descinputmode="readonly" desclookup="NONE" id="relatedrec_related_ticket_1_grid7_6" inputmode="readonly" label="機器"/>
										</section>
									</sectioncol>
									<sectioncol id="relatedrec_grid3_row2_col2">
										<section id="relatedrec_grid3_1_col2">
											<textbox dataattribute="RELATEDRECTK.STATUS" dynamic="true" id="relatedrec_related_ticket_1_grid3_3" label="ステータス"/>
											<textbox dataattribute="relatetype" id="relatedrec_related_ticket_1_grid3_5" inputmode="readonly"/>
										</section>
									</sectioncol>
								</sectionrow>
							</section>
						</tabledetails>
						<buttongroup id="relatedrec_related_ticket_2">
							<pushbutton id="relatedrec_related_ticket_2_1" label="作業依頼の選択" mxevent="selecttkonrelatedrec"/>
							<pushbutton default="true" id="relatedrec_related_ticket_2_2" label="新規行" mxevent="addrow"/>
						</buttongroup>
					</table>
					<table id="relatedrec_related_wo" label="関連する作業指示書" orderby="relatedrecwonum" relationship="RELATEDWO">
						<tablebody displayrowsperpage="10" filterable="true" id="relatedrec_related_wo_tablebody">
							<tablecol filterable="false" id="relatedrec_related_wo_tablebody_1" mxevent="toggledetailstate" mxevent_desc="詳細の表示" sortable="false" type="event"/>
							<tablecol applink="ex_wotr" dataattribute="relatedrecwonum" id="relatedrec_related_wo_tablebody_2" lookup="relatedwo" menutype="workorder" sortable="false"/>
							<tablecol dataattribute="relatedrecwo.description" id="relatedrec_related_wo_tablebody_3" showfilterfield="true" sortable="false">
								<textbox id="relatedrec_related_wo_tablebody_3_1" inputmode="readonly" longdescreadonly="true" lookup="longdesc"/>
							</tablecol>
							<tablecol dataattribute="relatedrecwoclass" id="relatedrec_related_wo_tablebody_4" linkedcontrolid="relatedrec_related_wo_1_grid7_3"/>
							<tablecol dataattribute="RELATEDRECWO.STATUS" id="relatedrec_related_wo_tablebody_5" label="ステータス" linkedcontrolid="relatedrec_related_wo_1_grid7_4"/>
							<tablecol dataattribute="relatetype" id="relatedrec_related_wo_tablebody_6" linkedcontrolid="relatedrec_related_wo_1_grid7_5"/>
							<tablecol filterable="false" id="relatedrec_related_wo_tablebody_7" mxevent="toggledeleterow" mxevent_desc="行を削除対象にマーク" mxevent_icon="btn_garbage.gif" sortable="false" type="event"/>
						</tablebody>
						<tabledetails id="relatedrec_related_wo_1">
							<section id="relatedrec_related_wo_1_grid5" label="詳細">
								<sectionrow id="relatedrec_grid5_row1">
									<sectioncol id="relatedrec_grid5_row1_col1">
										<section id="relatedrec_grid5_1_col1">
											<multiparttextbox applink="ex_wotr" dataattribute="relatedrecwonum" descdataattribute="relatedrecwo.description" descinputmode="readonly" desclookup="NONE" dynamic="true" id="relatedrec_related_wo_1_grid7_1" lookup="relatedwo" menutype="workorder"/>
											<textbox dataattribute="relatedrecwoclass" dynamic="true" id="relatedrec_related_wo_1_grid7_3" lookup="valuelist"/>
											<multiparttextbox dataattribute="relatedrecwo.location" descdataattribute="relatedrecwo.location.description" descinputmode="readonly" desclookup="NONE" id="relatedrec_related_wo_1_grid7_7" inputmode="readonly"/>
											<multiparttextbox dataattribute="relatedrecwo.assetnum" descdataattribute="relatedrecwo.asset.description" descinputmode="readonly" desclookup="NONE" id="relatedrec_related_wo_1_grid7_6" inputmode="readonly" label="機器"/>
										</section>
									</sectioncol>
									<sectioncol id="relatedrec_grid6_row2_col2">
										<section id="relatedrec_grid6_1_col2">
											<textbox dataattribute="RELATEDRECWO.STATUS" dynamic="true" id="relatedrec_related_wo_1_grid7_4" inputmode="readonly" label="ステータス"/>
											<textbox dataattribute="relatetype" id="relatedrec_related_wo_1_grid7_5" inputmode="readonly"/>
										</section>
									</sectioncol>
								</sectionrow>
								<sectionrow id="relatedrec_grid5_row2" licensekey="SERVICEADDRESS"/>
							</section>
						</tabledetails>
						<buttongroup id="relatedrec_related_wo_2">
							<pushbutton id="relatedrec_related_wo_2_1" label="作業指示書の選択" mxevent="selectwoonrelatedrec"/>
							<pushbutton default="true" id="relatedrec_related_wo_2_2" label="新規行" mxevent="addrow"/>
						</buttongroup>
					</table>
					<table beanclass="psdi.webclient.beans.servicedesk.ReportBean" id="ticketsolutions" inputmode="masked" label="ソリューション" licensekey="ITUSCADV" orderby="relatedreckey" relationship="RELATEDSOLUTIONS" startempty="false">
						<tablebody displayrowsperpage="10" filterable="false" filterexpanded="false" id="ticketsolutions_tablebody">
							<tablecol filterable="false" id="ticketsolutions_tablebody_0" mxevent="toggledetailstate" mxevent_desc="詳細の表示" sortable="false" type="event"/>
							<tablecol dataattribute="relatedreckey" id="ticketsolutions_tablebody_3" label="差出人"/>
							<tablecol dataattribute="relatedrecclass" id="ticketsolutions_tablebody_4" label="オリジナル・クラス"/>
							<tablecol dataattribute="relatetype" id="ticketsolutions_tablebody_5"/>
							<tablecol dataattribute="RELATEDRECTKT.TKSOLUTION.solution" id="ticketsolutions_tablebody_1"/>
							<tablecol dataattribute="RELATEDRECTKT.TKSOLUTION.description" id="ticketsolutions_tablebody_2"/>
						</tablebody>
						<tabledetails id="ticketsolutions_tabledetails">
							<section id="ticketsolutions_tabledetails_section" label="詳細">
								<richtextviewer dataattribute="RELATEDRECTKT.problemcode_longdescription" id="main_grid2_0"/>
								<blankline id="blank1"/>
								<richtextviewer dataattribute="RELATEDRECTKT.fr1code_longdescription" id="main_grid2_1"/>
								<blankline id="blank2"/>
								<richtextviewer dataattribute="RELATEDRECTKT.fr2code_longdescription" id="main_grid2_2"/>
								<blankline id="blank3"/>
							</section>
							<table beanclass="psdi.webclient.beans.doclinks.DocLinksBean" collapsed="false" id="solution_attachments" inputmode="readonly" label="添付" relationship="DOCLINKS">
								<tablebody displayrowsperpage="5" filterable="true" filterexpanded="false" id="solattachments_tablebody">
									<tablecol dataattribute="document" id="solattachments_tablebody_2" type="openurl" urlattribute="weburl"/>
									<tablecol dataattribute="docinfo.description" id="solattachments_tablebody_3"/>
								</tablebody>
							</table>
						</tabledetails>
					</table>
				</tab>
			</tabgroup>
		</clientarea>
		<include controltoclone="pageFooter" id="INCLUDE-pageFooter"/>
	</page>

	<dialog beanclass="psdi.webclient.beans.common.ClassificationBean" id="searchmore" label="検索条件の入力">
		<section id="qbe_grid2">
			<sectionrow id="qbe_grid2_1">
				<sectioncol id="qbe_grid2_1_1">
					<section id="qbe_grid2_1_1_grid3">
						<textbox dataattribute="ticketid" id="qbe_g1_1_1_grid3_1" inputmode="query" label="作業依頼"/>
						<textbox dataattribute="description" id="qbe_grid2_1_1_grid5_22" inputmode="query" label="依頼件名" longdescription="true"/>
						<textbox applink="person" dataattribute="reportedby" id="qbe_grid2_1_1_grid5_2" inputmode="query" lookup="person" menutype="normal"/>
						<textbox applink="asset,ipc" dataattribute="ALLMULTIASSETLOCCI.assetnum" id="qbe_grid2_1_1_grid5_1" inputmode="query" label="機器" lookup="asset" menutype="assetmain"/>
						<textbox applink="location,ipc" dataattribute="ALLMULTIASSETLOCCI.location" id="qbe_grid2_1_1_grid5_4" inputmode="query" lookup="locations" menutype="locations"/>
						<textbox applink="persongr" dataattribute="EX_REQUESTDEPT" id="qbe_g1_1_1_grid3_4" inputmode="query" lookup="persongroup" menutype="normal"/>
						<blankline id="qbe_blkline1"/>
					</section>
				</sectioncol>
				<sectioncol id="qbe_grid2_1_2">
					<section id="qbe_grid2_1_1_grid5">
						<textbox dataattribute="EX_WORKTYPE" id="qbe_grid2_1_1_grid5_15" inputmode="query" lookup="WORKTYPE"/>
						<textbox dataattribute="EX_SRPRIORITY" id="1575615343590" inputmode="query" label="優先度" lookup="valuelist"/>
					</section>
				</sectioncol>
				<sectioncol id="qbe_grid2_1_3">
					<section id="qbe_grid2_1_3_grid5">
						<textbox dataattribute="status" id="qbe_grid2_1_1_grid5_3" inputmode="query" lookup="valuelist"/>
						<textbox dataattribute="siteid" id="qbe_grid2_1_1_grid5_8" inputmode="query" lookup="site"/>
						<textbox dataattribute="historyflag" id="qbe_grid2_1_1_grid5_6" inputmode="query"/>
					</section>
				</sectioncol>
			</sectionrow>
		</section>
		<section id="qbe_date_s1" label="日付">
			<sectionrow id="qbe_date_r1">
				<sectioncol id="qbe_date_r1_c1">
					<section id="qbe_date_r1_c1_s1">
						<sectionrow id="qbe_date_s1_r1">
							<sectioncol id="qbe_date_s1_r1_c1">
								<section id="qbe_date_s1_r1_c1_s1">
									<statictext align="center" id="qbe_date_s1_r1_c1_s1_st1"/>
								</section>
							</sectioncol>
							<sectioncol id="qbe_date_s1_r1_c2">
								<section id="qbe_date_s1_r1_c2_s1">
									<statictext align="center" id="qbe_date_s1_r1_c2_s1_st1" label="開始日"/>
								</section>
							</sectioncol>
							<sectioncol id="qbe_date_s1_r1_c3">
								<section id="qbe_date_s1_r1_c3_s1">
									<statictext align="center" id="qbe_date_s1_r1_c3_s1_st1" label="終了日"/>
								</section>
							</sectioncol>
						</sectionrow>
						<sectionrow id="qbe_date_s1_r2">
							<sectioncol id="qbe_date_s1_r2_c1">
								<section id="qbe_date_s1_r2_c1_s1">
									<statictext id="qbe_date_s1_r2_c1_s1_t1" label="報告日" span="right"/>
								</section>
							</sectioncol>
							<sectioncol id="qbe_date_s1_r2_c2">
								<section id="qbe_date_s1_r2_c2_s1">
									<textbox dataattribute="reportdate" hidelabel="true" id="qbe_grid2_1_1_grid6_5" inputmode="query" lookup="datelookup" prepend="&gt;="/>
								</section>
							</sectioncol>
							<sectioncol id="qbe_date_s1_r2_c3">
								<section id="qbe_date_s1_r2_c3_s1">
									<textbox dataattribute="reportdate" hidelabel="true" id="qbe_grid2_1_1_grid6_6" inputmode="query" lookup="datelookup" prepend="&lt;="/>
								</section>
							</sectioncol>
						</sectionrow>
						<sectionrow id="qbe_date_s1_r3">
							<sectioncol id="qbe_date_s1_r3_c1">
								<section id="qbe_date_s1_r3_c1_s1">
									<statictext id="qbe_date_s1_r3_c1_s1_t1" label="目標開始" span="right"/>
								</section>
							</sectioncol>
							<sectioncol id="qbe_date_s1_r3_c2">
								<section id="qbe_date_s1_r3_c2_s1">
									<textbox dataattribute="targetstart" hidelabel="true" id="qbe_grid2_1_1_grid6_13" inputmode="query" lookup="datelookup" prepend="&gt;="/>
								</section>
							</sectioncol>
							<sectioncol id="qbe_date_s1_r3_c3">
								<section id="qbe_date_s1_r3_c3_s1">
									<textbox dataattribute="targetstart" hidelabel="true" id="qbe_grid2_1_1_grid6_14" inputmode="query" lookup="datelookup" prepend="&lt;="/>
								</section>
							</sectioncol>
						</sectionrow>
						<sectionrow id="qbe_date_s1_r4">
							<sectioncol id="qbe_date_s1_r4_c1">
								<section id="qbe_date_s1_r4_c1_s1">
									<statictext id="qbe_date_s1_r4_c1_s1_t1" label="目標完了" span="right"/>
								</section>
							</sectioncol>
							<sectioncol id="qbe_date_s1_r4_c2">
								<section id="qbe_date_s1_r4_c2_s1">
									<textbox dataattribute="targetfinish" hidelabel="true" id="qbe_grid2_1_1_grid6_17" inputmode="query" lookup="datelookup" prepend="&gt;="/>
								</section>
							</sectioncol>
							<sectioncol id="qbe_date_s1_r4_c3">
								<section id="qbe_date_s1_r4_c3_s1">
									<textbox dataattribute="targetfinish" hidelabel="true" id="qbe_grid2_1_1_grid6_18" inputmode="query" lookup="datelookup" prepend="&lt;="/>
								</section>
							</sectioncol>
						</sectionrow>
					</section>
				</sectioncol>
				<sectioncol id="qbe_date_r1_c2">
					<section id="qbe_date_r1_c2_s1">
						<sectionrow id="qbe_date_s1_r7">
							<sectioncol id="qbe_date_s1_r7_c1">
								<section id="qbe_date_s1_r7_c1_s1">
									<statictext align="center" id="qbe_date_s1_r7_c1_s1_st1"/>
								</section>
							</sectioncol>
							<sectioncol id="qbe_date_s1_r7_c2">
								<section id="qbe_date_s1_r7_c2_s1">
									<statictext align="center" id="qbe_date_s1_r7_c2_s1_st1" label="開始日"/>
								</section>
							</sectioncol>
							<sectioncol id="qbe_date_s1_r7_c3">
								<section id="qbe_date_s1_r7_c3_s1">
									<statictext align="center" id="qbe_date_s1_r7_c3_s1_st1" label="終了日"/>
								</section>
							</sectioncol>
						</sectionrow>
						<sectionrow id="qbe_date_s1_r5">
							<sectioncol id="qbe_date_s1_r5_c1">
								<section id="qbe_date_s1_r5_c1_s1">
									<statictext id="qbe_date_s1_r5_c1_s1_t1" label="実行開始" span="right"/>
								</section>
							</sectioncol>
							<sectioncol id="qbe_date_s1_r5_c2">
								<section id="qbe_date_s1_r5_c2_s1">
									<textbox dataattribute="actualstart" hidelabel="true" id="qbe_grid2_1_1_grid6_15" inputmode="query" lookup="datelookup" prepend="&gt;="/>
								</section>
							</sectioncol>
							<sectioncol id="qbe_date_s1_r5_c3">
								<section id="qbe_date_s1_r5_c3_s1">
									<textbox dataattribute="actualstart" hidelabel="true" id="qbe_grid2_1_1_grid6_16" inputmode="query" lookup="datelookup" prepend="&lt;="/>
								</section>
							</sectioncol>
						</sectionrow>
						<sectionrow id="qbe_date_s1_r6">
							<sectioncol id="qbe_date_s1_r6_c1">
								<section id="qbe_date_s1_r6_c1_s1">
									<statictext id="qbe_date_s1_r6_c1_s1_t1" label="実行終了" span="right"/>
								</section>
							</sectioncol>
							<sectioncol id="qbe_date_s1_r6_c2">
								<section id="qbe_date_s1_r6_c2_s1">
									<textbox dataattribute="actualfinish" hidelabel="true" id="qbe_grid2_1_1_grid6_19" inputmode="query" lookup="datelookup" prepend="&gt;="/>
								</section>
							</sectioncol>
							<sectioncol id="qbe_date_s1_r6_c3">
								<section id="qbe_date_s1_r6_c3_s1">
									<textbox dataattribute="actualfinish" hidelabel="true" id="qbe_grid2_1_1_grid6_20" inputmode="query" lookup="datelookup" prepend="&lt;="/>
								</section>
							</sectioncol>
						</sectionrow>
					</section>
				</sectioncol>
			</sectionrow>
		</section>
		<buttongroup id="qbe_grid5_1_1_grid6">
			<pushbutton default="true" id="qbe_grid5_1_1_grid6_1" label="検索" mxevent="dialogok"/>
			<pushbutton id="qbe_restoreappdefault_button" label="検索条件のクリア" mxevent="qbeclear"/>
			<pushbutton id="qbe_revisebutton" label="改訂" menutype="SEARCHMOREREVISE" targetid="searchmore"/>
			<pushbutton id="qbe_grid5_1_1_grid6_3" label="キャンセル" mxevent="qbecancel"/>
		</buttongroup>
	</dialog>

	<dialog id="ex_remandsrbyeng" label="作業依頼の差戻し" savemode="ONUNLOAD" width="300">
		<section datasrc="MAINRECORD" id="ex_remandsrbyeng_grid1">
			<helpgrid id="ex_remandsrbyeng_grid1_2a" innerhtml="作業依頼を差戻します。よろしいですか？"/>
			<textbox dataattribute="np_statusmemo" id="ex_remandsrbyeng_grid1_3a" label="差戻し理由"/>
		</section>
		<buttongroup id="ex_remandsrbyeng_2">
			<pushbutton default="true" id="ex_remandsrbyeng_2_1" label="OK" mxevent="EX_REMANDBYENG"/>
			<pushbutton id="ex_remandsrbyeng_2_2" label="キャンセル" mxevent="dialogcancel"/>
		</buttongroup>
	</dialog>

	<dialog id="viewfollowup" label="フォローアップ・レコードの表示">
		<helpgrid id="viewfollowup_help" innerhtml="これらのテーブルは現在のチケットから生成されたフォローアップ・レコードの一覧を示します。"/>
		<table id="viewfollowup_showlist1_table" inputmode="readonly" relationship="WORKORDER" startrow="0">
			<tablebody displayrowsperpage="6" filterable="true" filterexpanded="true" id="viewfollowup_showlist1_table_tablebody">
				<tablecol dataattribute="wonum" id="viewfollowup_showlist1_table_tablebody_1"/>
				<tablecol dataattribute="woclass" id="viewfollowup_showlist1_table_tablebody_2"/>
				<tablecol dataattribute="description" id="viewfollowup_showlist1_table_tablebody_3"/>
				<tablecol dataattribute="status" id="viewfollowup_showlist1_table_tablebody_4"/>
			</tablebody>
		</table>
		<table id="viewfollowup_showlist2_table" inputmode="readonly" relationship="TICKET" startrow="0">
			<tablebody displayrowsperpage="6" filterable="true" filterexpanded="true" id="viewfollowup_showlist2_table_tablebody">
				<tablecol dataattribute="ticketid" id="viewfollowup_showlist2_table_tablebody_1"/>
				<tablecol dataattribute="class" id="viewfollowup_showlist2_table_tablebody_2"/>
				<tablecol dataattribute="description" id="viewfollowup_showlist2_table_tablebody_3"/>
				<tablecol dataattribute="status" id="viewfollowup_showlist2_table_tablebody_4"/>
			</tablebody>
		</table>
		<buttongroup id="viewfollowup_2">
			<pushbutton default="true" id="viewfollowup_2_1" label="OK" mxevent="dialogok"/>
		</buttongroup>
	</dialog>

	<dialog id="ex_wappr" label="作業依頼の承認申請" savemode="ONUNLOAD" width="300">
		<section datasrc="MAINRECORD" id="ex_wappr_grid1">
			<helpgrid id="ex_wappr_grid1_2a" innerhtml="作業依頼の承認を申請します。よろしいですか？"/>
			<textbox dataattribute="np_statusmemo" id="ex_wappr_grid1_3a" label="申請理由"/>
		</section>
		<buttongroup id="ex_wappr_2">
			<pushbutton default="true" id="ex_wappr_2_1" label="OK" mxevent="EX_WAPPROVE"/>
			<pushbutton id="ex_wappr_2_2" label="キャンセル" mxevent="dialogcancel"/>
		</buttongroup>
	</dialog>

	<dialog beanclass="psdi.webclient.system.beans.ViewBookmarksBean" id="searchbook" label="ブックマーク" mboname="SR">
		<table id="bookmarks_table" inputmode="readonly" label="サービス要求" selectmode="single">
			<tablebody displayrowsperpage="20" filterable="true" id="bookmarks_table_tablebody">
				<tablecol dataattribute="ticketid" id="bookmarks_tablebody_1" mxevent="selectrecord" type="link"/>
				<tablecol dataattribute="description" id="bookmarks_table_tablebody_2"/>
				<tablecol filterable="false" id="bookmarks_table_tablebody_delete" mxevent="instantdelete" mxevent_desc="削除" mxevent_icon="btn_delete.gif" sortable="false" type="event"/>
			</tablebody>
		</table>
		<buttongroup id="bookmarks_2">
			<pushbutton default="true" id="bookmarks_2_1" label="OK" mxevent="dialogok"/>
		</buttongroup>
	</dialog>

	<dialog beanclass="psdi.webclient.beans.servicedesk.TkTemplateBean" id="tktemplates" label="サービス要求テンプレートの適用" relationship="TKTEMPLATE">
		<section id="tktemplates_section1">
			<textbox applink="tktemplate" dataattribute="templateid" datasrc="MAINRECORD" id="tktemplates_section1_currTemp" inputmode="READONLY" label="現在適用されているテンプレート" menutype="normal"/>
		</section>
		<table id="tktemplates_tktemplates2" inputmode="readonly" label="サービス要求テンプレート">
			<tablebody displayrowsperpage="20" filterable="true" id="tktemplates_tktemplates2_tablebody">
				<tablecol dataattribute="templateid" id="tktemplates_tktemplates2_tablebody_1" sortable="false"/>
				<tablecol dataattribute="description" id="tktemplates_tktemplates2_tablebody_2" showfilterfield="true" sortable="false"/>
			</tablebody>
		</table>
		<buttongroup id="tktemplates_2">
			<pushbutton default="true" id="tktemplates_2_1" label="OK" mxevent="selectrecord"/>
			<pushbutton id="tktemplates_2_2" label="キャンセル" mxevent="dialogcancel"/>
		</buttongroup>
	</dialog>

	<dialog beanclass="psdi.webclient.beans.servicedesk.TkChangeStatusBean" id="list_status" label="ステータスの変更" relationship="TKCHANGESTATUS" savemode="ONUNLOAD">
		<section id="list_changestatus_grid1_1_1_grid4">
			<textbox dataattribute="memo" id="list_changestatus_grid1_1_1_grid4_3a" sigoption="MEMOABOVESTATUS"/>
			<combobox dataattribute="status" id="list_changestatus_grid1_1_1_grid4_1"/>
			<textbox dataattribute="asofdate" id="list_changestatus_grid1_1_1_grid4_2" lookup="datelookup"/>
		</section>
		<buttongroup id="list_changestatus_2">
			<pushbutton clickmessage="Status has been changed." default="true" id="list_changestatus_2_1" label="OK" mxevent="dialogok"/>
			<pushbutton id="list_changestatus_2_2" label="キャンセル" mxevent="dialogcancel"/>
		</buttongroup>
	</dialog>

	<dialog beanclass="psdi.webclient.beans.servicedesk.SimilarTicketsBean" id="similartkt" label="類似チケットの表示" orderby="reportdate desc">
		<helpgrid id="similartkt_help" innerhtml="以下のチケットは現在のチケットと同様です。 「レコードの関連付け」をクリックすると、選択したチケットが現在のチケットに関連付けられます。 「キャンセル」をクリックすると戻りますが、チケットは保存されません。"/>
		<section border="true" id="similartkt_grid1">
			<sectionrow id="similartkt_grid1_1">
				<sectioncol id="similartkt_grid1_1_1">
					<table id="similartkt_grid1_1_1_duplicate" label="類似チケット" selectmode="multiple">
						<tablebody displayrowsperpage="15" filterable="true" id="similartkt_grid1_1_1_duplicate_tablebody">
							<tablecol filterable="false" id="similartkt_grid1_1_1_duplicate_tablebody_1" mxevent="toggleselectrow" sortable="false" type="event"/>
							<tablecol dataattribute="ticketid" id="similartkt_grid1_1_1_duplicate_tablebody_2" menutype="hyperlink"/>
							<tablecol dataattribute="class" id="similartkt_grid1_1_1_duplicate_tablebody_3" inputmode="readonly"/>
							<tablecol dataattribute="status" id="similartkt_grid1_1_1_duplicate_tablebody_4" inputmode="readonly"/>
							<tablecol dataattribute="reportdate" id="similartkt_grid1_1_1_duplicate_tablebody_5" inputmode="readonly"/>
							<tablecol dataattribute="targetstart" id="similartkt_grid1_1_1_duplicate_tablebody_6" inputmode="readonly"/>
							<tablecol dataattribute="description" id="similartkt_grid1_1_1_duplicate_tablebody_7" inputmode="readonly"/>
							<tablecol dataattribute="reportedpriority" id="similartkt_grid1_1_1_duplicate_tablebody_8" inputmode="readonly"/>
							<tablecol dataattribute="assetnum" id="similartkt_grid1_1_1_duplicate_tablebody_9" inputmode="readonly"/>
							<tablecol dataattribute="location" id="similartkt_grid1_1_1_duplicate_tablebody_10" inputmode="readonly"/>
							<tablecol dataattribute="historyflag" id="similartkt_grid1_1_1_duplicate_tablebody_11" inputmode="readonly"/>
							<tablecol dataattribute="isknownerror" id="similartkt_grid1_1_1_duplicate_tablebody_12" inputmode="readonly"/>
						</tablebody>
					</table>
				</sectioncol>
			</sectionrow>
		</section>
		<buttongroup id="similartkt_grid1_1_1_grid6">
			<pushbutton clickmessage="Record(s) have been related." default="true" id="similartkt_grid1_1_1_grid6_1" label="レコードの関連付け" mxevent="relate"/>
			<pushbutton id="similartkt_2_1" label="キャンセル" mxevent="dialogcancel"/>
		</buttongroup>
	</dialog>

	<dialog id="viewhist" label="履歴の表示">
		<table id="viewhist_viewhist_history_pStatustbl" inputmode="readonly" label="ステータス履歴" orderby="changedate desc" relationship="TKSTATUS">
			<tablebody displayrowsperpage="6" filterable="true" filterexpanded="false" id="viewhist_viewhist_history_pStatustbl_tablebody">
				<tablecol dataattribute="status" id="viewhist_viewhist_history_pStatustbl_tablebody_1"/>
				<tablecol dataattribute="changedate" id="viewhist_viewhist_history_pStatustbl_tablebody_2"/>
				<tablecol dataattribute="changeby" id="viewhist_viewhist_history_pStatustbl_tablebody_3"/>
				<tablecol dataattribute="memo" id="viewhist_viewhist_history_pStatustbl_tablebody_4"/>
			</tablebody>
		</table>
		<table id="viewhist_viewhist_history_ownerStatustbl" inputmode="readonly" label="所有権履歴" orderby="owndate desc" relationship="OWNERHISTORY">
			<tablebody displayrowsperpage="6" filterable="true" filterexpanded="false" id="viewhist_viewhist_history_ownerStatustbl_tablebody">
				<tablecol dataattribute="owndate" id="viewhist_viewhist_history_ownerStatustbl_tablebody_1"/>
				<tablecol dataattribute="owner" id="viewhist_viewhist_history_ownerStatustbl_tablebody_2"/>
				<tablecol dataattribute="ownergroup" id="viewhist_viewhist_history_ownerStatustbl_tablebody_3"/>
				<tablecol dataattribute="ownerchangeby" id="viewhist_viewhist_history_ownerStatustbl_tablebody_4"/>
			</tablebody>
		</table>
		<buttongroup id="viewhist_2">
			<pushbutton default="true" id="viewhist_2_1" label="OK" mxevent="dialogcancel"/>
		</buttongroup>
	</dialog>

	<dialog beanclass="psdi.webclient.beans.common.ChangeStatusBean" id="STATUS" label="ステータスの変更" relationship="TKCHANGESTATUS" savemode="ONLOADUNLOAD">
		<section border="true" datasrc="MAINRECORD" id="changestatus_grid1_1_1_grid3">
			<multiparttextbox dataattribute="ticketid" descdataattribute="description" descinputmode="readonly" id="changestatus_grid1_1_1_grid3_1"/>
			<multiparttextbox dataattribute="status" descdataattribute="statusdesc.description" descinputmode="readonly" id="changestatus_grid1_1_1_grid3_5"/>
		</section>
		<section id="changestatus_grid1_1_1_grid4">
			<combobox dataattribute="status" id="changestatus_grid1_1_1_grid4_1"/>
			<textbox dataattribute="asofdate" id="changestatus_grid1_1_1_grid4_2" lookup="datelookup"/>
			<textbox dataattribute="memo" id="changestatus_grid1_1_1_grid4_3b" sigoption="MEMOBELOWSTATUS"/>
		</section>
		<buttongroup id="changestatus_2">
			<pushbutton clickmessage="Status has been changed." default="true" id="changestatus_2_1" label="OK" mxevent="dialogok"/>
			<pushbutton id="changestatus_2_2" label="キャンセル" mxevent="dialogcancel"/>
		</buttongroup>
	</dialog>

	<dialog datasrc="MAINRECORD" id="duplicate" label="レコードの複製">
		<section border="true" id="duplicate_grid1">
			<sectionrow id="duplicate_grid1_1">
				<sectioncol id="duplicate_grid1_1_1">
					<radiobuttongroup dataattribute="dupflag" hidelabel="true" id="duplicate_grid1_1_1_grid6"/>
				</sectioncol>
			</sectionrow>
		</section>
		<buttongroup id="duplicate_1">
			<pushbutton default="true" id="owner_1_1" label="OK" mxevent="DUPLICATECHECK"/>
			<pushbutton id="owner_1_2" label="キャンセル" mxevent="dialogcancel"/>
		</buttongroup>
	</dialog>

	<dialog beanclass="psdi.webclient.beans.common.ChangeStatusBean" id="ex_remandsr2" label="作業依頼の差戻し" relationship="TKCHANGESTATUS" savemode="ONLOADUNLOAD">
		<defaultvalue dataattribute="status" defaulttype="insert" id="1545283047491" value="差戻し"/>
		<section id="ex_ramandsr_grid4">
			<helpgrid id="ex_ramandsr_grid4_2a" innerhtml="作業依頼を差戻します。よろしいですか？"/>
			<textbox dataattribute="memo" id="ex_ramandsr_grid4_3a"/>
		</section>
		<buttongroup id="ex_ramandsr_2">
			<pushbutton default="true" id="ex_ramandsr_2_1" label="OK" mxevent="dialogok"/>
			<pushbutton id="ex_ramandsr_2_2" label="キャンセル" mxevent="dialogcancel"/>
		</buttongroup>
	</dialog>

	<dialog id="ex_discard" label="作業依頼の破棄" savemode="ONUNLOAD" width="300">
		<section datasrc="MAINRECORD" id="ex_discard_grid1">
			<helpgrid id="ex_discard_grid1_2a" innerhtml="作業依頼を破棄します。よろしいですか？"/>
			<textbox dataattribute="np_statusmemo" id="ex_discard_grid1_3a" label="破棄理由"/>
		</section>
		<buttongroup id="ex_discard_2">
			<pushbutton default="true" id="ex_discard_2_1" label="OK" mxevent="EX_DISCARD"/>
			<pushbutton id="ex_discard_2_2" label="キャンセル" mxevent="dialogcancel"/>
		</buttongroup>
	</dialog>

	<dialog beanclass="psdi.webclient.beans.servicedesk.SelectTicketBean" id="selectwoonrelatedrec" label="作業指示書の選択" mboname="WORKORDER">
		<table id="selectwoonrelatedrec_select_table" label="作業指示書" selectmode="multiple">
			<tablebody displayrowsperpage="15" filterable="true" filterexpanded="false" id="selectwoonrelatedrec_select_table_tablebody">
				<tablecol filterable="false" id="selectwoonrelatedrec_select_table_tablebody_1" mxevent="toggleselectrow" sortable="false" type="event"/>
				<tablecol dataattribute="wonum" id="selectwoonrelatedrec_select_table_tablebody_2"/>
				<tablecol dataattribute="woclass" id="selectwoonrelatedrec_select_table_tablebody_3"/>
				<tablecol dataattribute="description" id="selectwoonrelatedrec_select_table_tablebody_4"/>
				<tablecol dataattribute="STATUS" id="selectwoonrelatedrec_select_table_tablebody_5" label="ステータス"/>
				<tablecol dataattribute="siteid" id="selectwoonrelatedrec_select_table_tablebody_6"/>
			</tablebody>
		</table>
		<buttongroup id="selectwoonrelatedrec_2">
			<pushbutton default="true" id="selectwoonrelatedrec_2_1" label="OK" mxevent="dialogok" value="copyWOToRelatedRecSet"/>
			<pushbutton id="selectwoonrelatedrec_2_2" label="キャンセル" mxevent="dialogcancel"/>
		</buttongroup>
	</dialog>

	<dialog beanclass="psdi.webclient.beans.servicedesk.SimilarTicketsBean" id="similartkt-global" label="類似チケットの表示" orderby="reportdate desc">
		<helpgrid id="similartkt_help_global" innerhtml="以下のチケットは現在のチケットと同様です。 「レコードの関連付け」をクリックすると、選択したチケットが現在のチケットに関連付けられます。 「キャンセル」をクリックすると戻りますが、チケットは保存されません。"/>
		<section border="true" id="similartkt_grid1_global">
			<sectionrow id="similartkt_grid1_1_global">
				<sectioncol id="similartkt_grid1_1_1_global">
					<table id="similartkt_grid1_1_1_duplicate_global" label="類似チケット" selectmode="multiple">
						<tablebody displayrowsperpage="15" filterable="true" id="similartkt_grid1_1_1_duplicate_tablebody_global">
							<tablecol filterable="false" id="similartkt_grid1_1_1_duplicate_tablebody_1_global" mxevent="toggleselectrow" sortable="false" type="event"/>
							<tablecol dataattribute="ticketid" id="similartkt_grid1_1_1_duplicate_tablebody_2_global" menutype="hyperlink"/>
							<tablecol dataattribute="class" id="similartkt_grid1_1_1_duplicate_tablebody_3_global" inputmode="readonly"/>
							<tablecol dataattribute="status" id="similartkt_grid1_1_1_duplicate_tablebody_4_global" inputmode="readonly"/>
							<tablecol dataattribute="reportdate" id="similartkt_grid1_1_1_duplicate_tablebody_5_global" inputmode="readonly"/>
							<tablecol dataattribute="targetstart" id="similartkt_grid1_1_1_duplicate_tablebody_6_global" inputmode="readonly"/>
							<tablecol dataattribute="description" id="similartkt_grid1_1_1_duplicate_tablebody_7_global" inputmode="readonly"/>
							<tablecol dataattribute="reportedpriority" id="similartkt_grid1_1_1_duplicate_tablebody_8_global" inputmode="readonly"/>
							<tablecol dataattribute="assetnum" id="similartkt_grid1_1_1_duplicate_tablebody_9_global" inputmode="readonly"/>
							<tablecol dataattribute="location" id="similartkt_grid1_1_1_duplicate_tablebody_10_global" inputmode="readonly"/>
							<tablecol dataattribute="historyflag" id="similartkt_grid1_1_1_duplicate_tablebody_11_global" inputmode="readonly"/>
							<tablecol dataattribute="isknownerror" id="similartkt_grid1_1_1_duplicate_tablebody_12_global" inputmode="readonly"/>
						</tablebody>
					</table>
				</sectioncol>
			</sectionrow>
		</section>
		<buttongroup id="similartkt_grid1_1_1_grid6_global">
			<pushbutton clickmessage="Record(s) have been related." default="true" id="similartkt_grid1_1_1_grid6_1_relrec" label="レコードの関連付け" mxevent="relate"/>
			<pushbutton clickmessage="Record(s) have been related to Global Issue." id="similartkt_grid1_1_1_grid6_1_relglobal" label="レコードのグローバルな問題への関連付け" mxevent="relateglobal"/>
			<pushbutton id="similartkt_2_1_global" label="キャンセル" mxevent="dialogcancel"/>
		</buttongroup>
	</dialog>

	<dialog id="ex_remandsr" label="作業依頼の差戻し" savemode="ONUNLOAD" width="300">
		<section datasrc="MAINRECORD" id="ex_remandsr_grid1">
			<helpgrid id="ex_remandsr_grid1_2a" innerhtml="作業依頼を差戻します。よろしいですか？"/>
			<textbox dataattribute="np_statusmemo" id="ex_remandsr_grid1_3a" label="差戻し理由"/>
		</section>
		<buttongroup id="ex_remandsr_2">
			<pushbutton default="true" id="ex_remandsr_2_1" label="OK" mxevent="EX_REMAND"/>
			<pushbutton id="ex_remandsr_2_2" label="キャンセル" mxevent="dialogcancel"/>
		</buttongroup>
	</dialog>
	<configurationblock id="datastore_configurationblock">
	</configurationblock>
</presentation>
