<?xml version="1.0" encoding="UTF-8"?>

<presentation id="ex_asmeter" ismobile="false" mboname="ASSETMETER" resultstableid="results_showlist" version="6.0.0" viewport="1222x704">
	<page id="mainrec" scroll="false">
		<include controltoclone="pageHeader" id="INCLUDE-pageHeader"/>
		<clientarea id="clientarea">
			<tabgroup id="maintabs" style="form">
				<tab default="true" id="results" label="リスト" type="list">
					<menubar event="search" id="actiontoolbar1" sourcemethod="getAppSearchOptions"/>
					<table id="results_showlist" inputmode="readonly" label="計測値一覧" mboname="ASSETMETER" selectmode="multiple">
						<tablebody displayrowsperpage="20" filterable="true" filterexpanded="true" id="results_showlist_tablebody">
							<tablecol dataattribute="ASSETNUM" filterable="false" id="results_showlist_column_select" mxevent="toggleselectrow" mxevent_desc="Select Row {0}" sortable="false" type="event"/>
							<tablecol dataattribute="ASSETNUM" id="results_showlist_column_link" label="資産" mxevent="selectrecord" mxevent_desc="Go To %1" type="link" usefieldsizegroup="false"/>
							<tablecol dataattribute="ASSET.DESCRIPTION" id="results_showlist_column5"/>
							<tablecol dataattribute="METERNAME" id="results_showlist_column2"/>
							<tablecol dataattribute="lastreadingdate" id="results_showlist_column4"/>
							<tablecol dataattribute="lastreading" id="results_showlist_column1"/>
							<tablecol dataattribute="SITEID" id="results_showlist_column3"/>
							<tablecol filterable="false" id="results_bookmark" mxevent="BOOKMARK" mxevent_desc="Add to Bookmarks" mxevent_icon="btn_addtobookmarks.gif" sortable="false" type="event"/>
						</tablebody>
					</table>
				</tab>
				<tab id="main" label="計測値" type="insert">
					<section id="1440655932143">
						<sectionrow id="1440655955158">
							<sectioncol id="1440655961264">
								<section id="1440655973997">
									<multiparttextbox applink="PL_ASSET" dataattribute="assetnum" descdataattribute="asset.description" descinputmode="readonly" id="1440654676798" inputmode="readonly" label="資産" menutype="HYPERLINK"/>
									<textbox dataattribute="ASSET.ASSETTYPE" id="1441071698869" inputmode="readonly" label="資産タイプ" lookup="VALUELIST"/>
								</section>
							</sectioncol>
							<sectioncol id="1440655958727">
								<section id="1440655990191">
									<textbox dataattribute="ASSET.STATUS" id="1441071584010" inputmode="readonly"/>
									<textbox dataattribute="CHANGEBY" id="maintab_attr17" inputmode="readonly"/>
									<textbox dataattribute="CHANGEDATE" id="maintab_attr18" inputmode="readonly" lookup="datelookup"/>
								</section>
							</sectioncol>
							<sectioncol id="1440655955164">
								<section id="1440655980431" sigoption="ASMETER_DISP">
									<textbox dataattribute="ORGID" id="maintab_attr19"/>
									<checkbox dataattribute="ACTIVE" id="maintab_attr6"/>
									<textbox dataattribute="SITEID" id="maintab_attr3"/>
								</section>
							</sectioncol>
							<sectioncol id="1440658555704"/>
							<sectioncol id="1440658567252">
								<section id="1440656463608"/>
							</sectioncol>
							<sectioncol id="1440658570668">
								<section id="1440658577766"/>
							</sectioncol>
							<sectioncol id="1440658573907"/>
						</sectionrow>
					</section>
					<section id="1441069532383" label="計測項目">
						<sectionrow id="1441069622851">
							<sectioncol id="1441069643934">
								<section id="1440655982972">
									<blankline id="1440658519989"/>
									<multiparttextbox dataattribute="metername" descdataattribute="METER.DESCRIPTION" descinputmode="readonly" id="1440654723940" inputmode="readonly"/>
									<textbox dataattribute="MEASUREUNITID" id="maintab_attr7" inputmode="readonly"/>
									<textbox dataattribute="AVGCALCMETHOD" id="maintab_attr9" inputmode="readonly" lookup="VALUELIST"/>
								</section>
							</sectioncol>
							<sectioncol id="1441069639942">
								<section id="1440655986683">
									<textbox dataattribute="LASTREADING" id="maintab_attr26"/>
									<textbox dataattribute="LASTREADINGDATE" id="maintab_attr25" lookup="datelookup"/>
									<textbox dataattribute="INSPECTOR" id="maintab_attr24" sigoption="ASMETER_DISP"/>
									<textbox dataattribute="LIFETODATE" id="maintab_attr16" sigoption="ASMETER_DISP"/>
									<textbox dataattribute="ROLLDOWNSOURCE" id="maintab_attr11" sigoption="ASMETER_DISP"/>
									<textbox dataattribute="SLIDINGWINDOWSIZE" id="maintab_attr10" sigoption="ASMETER_DISP"/>
									<textbox dataattribute="INHERITEDFROMASSET" id="maintab_attr21" sigoption="ASMETER_DISP"/>
									<textbox dataattribute="DOMAINID" id="maintab_attr23" sigoption="ASMETER_DISP"/>
									<textbox dataattribute="ROLLOVER" id="maintab_attr8" sigoption="ASMETER_DISP"/>
								</section>
							</sectioncol>
							<sectioncol id="1441069637214"/>
							<sectioncol id="1441069634270">
								<section id="1440658508071"/>
							</sectioncol>
							<sectioncol id="1441069631020">
								<section id="1440658511477"/>
							</sectioncol>
							<sectioncol id="1441069627460"/>
							<sectioncol id="1441069622858"/>
						</sectionrow>
					</section>
					<section id="maintab_section">
						<table id="1440656640324" label="走行距離" relationship="meterreading" sigoption="IG_DISP_O">
							<tablebody id="14406566403242">
								<tablecol dataattribute="readingdate" id="1440657086664"/>
								<tablecol dataattribute="READING" id="1440656640328"/>
								<tablecol dataattribute="DELTA" id="1441005587380"/>
							</tablebody>
							<tabledetails id="1440656640333"/>
						</table>
						<table id="1440658218242" label="計測値" relationship="MEASUREMENT">
							<tablebody id="1440658218251">
								<tablecol dataattribute="measuredate" id="14406582182512"/>
								<tablecol dataattribute="measurementvalue" id="1440658260330" inputmode="readonly"/>
							</tablebody>
							<tabledetails id="14406582182513"/>
						</table>
					</section>
					<section id="1441069560577"/>
				</tab>
			</tabgroup>
		</clientarea>
		<include controltoclone="pageFooter" id="INCLUDE-pageFooter"/>
	</page>

	<dialog beanclass="psdi.webclient.system.beans.QbeBean" id="searchmore" inputmode="query" label="More Search Fields">
		<section id="searchmore_1">
			<textbox dataattribute="ASSETNUM" id="searchmore_attr1"/>
			<textbox dataattribute="METERNAME" id="searchmore_attr2"/>
			<textbox dataattribute="SITEID" id="searchmore_attr3"/>
			<textbox dataattribute="LINEARASSETMETERID" id="searchmore_attr4"/>
			<textbox dataattribute="REMARKS" id="searchmore_attr5"/>
			<checkbox dataattribute="ACTIVE" id="searchmore_attr6"/>
			<textbox dataattribute="MEASUREUNITID" id="searchmore_attr7"/>
			<textbox dataattribute="ROLLOVER" id="searchmore_attr8"/>
			<textbox dataattribute="AVGCALCMETHOD" id="searchmore_attr9"/>
			<textbox dataattribute="SLIDINGWINDOWSIZE" id="searchmore_attr10"/>
			<textbox dataattribute="ROLLDOWNSOURCE" id="searchmore_attr11"/>
			<textbox dataattribute="SINCELASTREPAIR" id="searchmore_attr12"/>
			<textbox dataattribute="SINCELASTOVERHAUL" id="searchmore_attr13"/>
			<textbox dataattribute="SINCELASTINSPECT" id="searchmore_attr14"/>
			<textbox dataattribute="SINCEINSTALL" id="searchmore_attr15"/>
			<textbox dataattribute="LIFETODATE" id="searchmore_attr16"/>
			<textbox dataattribute="CHANGEBY" id="searchmore_attr17"/>
			<textbox dataattribute="CHANGEDATE" id="searchmore_attr18" lookup="datelookup"/>
			<textbox dataattribute="ORGID" id="searchmore_attr19"/>
			<textbox dataattribute="REMARKS_LONGDESCRIPTION" id="searchmore_attr20"/>
			<textbox dataattribute="INHERITEDFROMASSET" id="searchmore_attr21"/>
			<textbox dataattribute="ADJUSTEDDELTAREADING" id="searchmore_attr22"/>
			<textbox dataattribute="DOMAINID" id="searchmore_attr23"/>
			<textbox dataattribute="INSPECTOR" id="searchmore_attr24"/>
			<textbox dataattribute="LASTREADINGDATE" id="searchmore_attr25" lookup="datelookup"/>
			<textbox dataattribute="LASTREADING" id="searchmore_attr26"/>
			<textbox dataattribute="NEWREADINGDATE" id="searchmore_attr27" lookup="datelookup"/>
			<textbox dataattribute="DELTAVALUE" id="searchmore_attr28"/>
			<checkbox dataattribute="ISDELTA" id="searchmore_attr29"/>
			<textbox dataattribute="NEWREADING" id="searchmore_attr30"/>
			<textbox dataattribute="LOCMETERREADINGID" id="searchmore_attr31"/>
			<textbox dataattribute="POINTNUM" id="searchmore_attr32"/>
			<textbox dataattribute="AVERAGE" id="searchmore_attr33"/>
			<textbox dataattribute="READINGTYPE" id="searchmore_attr34"/>
			<textbox dataattribute="PREVIOUSREADING" id="searchmore_attr35"/>
			<textbox dataattribute="PREVIOUSREADINGDATE" id="searchmore_attr36" lookup="datelookup"/>
			<textbox dataattribute="LASTREADINGINSPCTR" id="searchmore_attr37"/>
			<textbox dataattribute="PREVIOUSREADINGINSPECTOR" id="searchmore_attr38"/>
			<textbox dataattribute="NEWREADINGROLLOVERINCLUSIVE" id="searchmore_attr39"/>
			<textbox dataattribute="ASSETMETERID" id="searchmore_attr40"/>
			<textbox dataattribute="SINCELASTREPAIRNEW" id="searchmore_attr41"/>
			<textbox dataattribute="SINCELASTOVERHAULNEW" id="searchmore_attr42"/>
			<textbox dataattribute="SINCELASTINSPECTNEW" id="searchmore_attr43"/>
			<textbox dataattribute="SINCEINSTALLNEW" id="searchmore_attr44"/>
			<textbox dataattribute="ROLLOVERNEW" id="searchmore_attr45"/>
			<textbox dataattribute="ASSETID" id="searchmore_attr46"/>
			<textbox dataattribute="AVERAGENEW" id="searchmore_attr47"/>
			<textbox dataattribute="LASTREADINGNEW" id="searchmore_attr48"/>
			<textbox dataattribute="LASTREADINGDATENEW" id="searchmore_attr49" lookup="datelookup"/>
			<textbox dataattribute="LASTREADINGINSPCTRNEW" id="searchmore_attr50"/>
			<textbox dataattribute="LANGCODE" id="searchmore_attr51"/>
			<checkbox dataattribute="DOROLLOVER" id="searchmore_attr52"/>
			<checkbox dataattribute="HASLD" id="searchmore_attr53"/>
			<textbox dataattribute="SEQUENCE" id="searchmore_attr54"/>
			<textbox dataattribute="ENDFEATURE" id="searchmore_attr55"/>
			<textbox dataattribute="STARTFEATURE" id="searchmore_attr56"/>
			<textbox dataattribute="ENDMEASURE" id="searchmore_attr57"/>
			<textbox dataattribute="STARTMEASURE" id="searchmore_attr58"/>
			<textbox dataattribute="STARTOFFSET" id="searchmore_attr59"/>
			<textbox dataattribute="ENDOFFSET" id="searchmore_attr60"/>
			<textbox dataattribute="STARTYOFFSET" id="searchmore_attr61"/>
			<textbox dataattribute="ENDYOFFSET" id="searchmore_attr62"/>
			<textbox dataattribute="STARTZOFFSET" id="searchmore_attr63"/>
			<textbox dataattribute="ENDZOFFSET" id="searchmore_attr64"/>
			<textbox dataattribute="STARTYOFFSETREF" id="searchmore_attr65"/>
			<textbox dataattribute="ENDYOFFSETREF" id="searchmore_attr66"/>
			<textbox dataattribute="STARTZOFFSETREF" id="searchmore_attr67"/>
			<textbox dataattribute="ENDZOFFSETREF" id="searchmore_attr68"/>
			<textbox dataattribute="STARTFEATURELABEL" id="searchmore_attr69"/>
			<textbox dataattribute="ENDFEATURELABEL" id="searchmore_attr70"/>
			<textbox dataattribute="STARTFEATUREID" id="searchmore_attr71"/>
			<textbox dataattribute="ENDFEATUREID" id="searchmore_attr72"/>
			<textbox dataattribute="STARTASSETFEATUREID" id="searchmore_attr73"/>
			<textbox dataattribute="ENDASSETFEATUREID" id="searchmore_attr74"/>
			<textbox dataattribute="BASEMEASUREUNITID" id="searchmore_attr75"/>
			<textbox dataattribute="ENDBASEMEASURE" id="searchmore_attr76"/>
			<textbox dataattribute="ENDMEASUREUNITID" id="searchmore_attr77"/>
			<textbox dataattribute="ENDOFFSETUNITID" id="searchmore_attr78"/>
			<textbox dataattribute="STARTBASEMEASURE" id="searchmore_attr79"/>
			<textbox dataattribute="STARTMEASUREUNITID" id="searchmore_attr80"/>
			<textbox dataattribute="STARTOFFSETUNITID" id="searchmore_attr81"/>
			<textbox dataattribute="PLUSTREF" id="searchmore_attr82"/>
			<textbox dataattribute="PLUSTCOMMODITY" id="searchmore_attr83"/>
			<textbox dataattribute="PLUSTMTRSTARTDT" id="searchmore_attr84" lookup="datelookup"/>
			<textbox dataattribute="PLUSTINITRDNG" id="searchmore_attr85"/>
			<textbox dataattribute="PLUSTSER" id="searchmore_attr86"/>
			<textbox dataattribute="PLUSTITEM" id="searchmore_attr87"/>
			<textbox dataattribute="PLUSTREFID" id="searchmore_attr88"/>
			<textbox dataattribute="PLUSTCAPACITY" id="searchmore_attr89"/>
			<textbox dataattribute="PLUSTINITLTD" id="searchmore_attr90"/>
			<textbox dataattribute="PLUSTDAILYLIMIT" id="searchmore_attr91"/>
			<textbox dataattribute="PLUSTREFIDNEW" id="searchmore_attr92"/>
			<textbox dataattribute="PLUSTYTD" id="searchmore_attr93"/>
			<textbox dataattribute="PLUSTMTD" id="searchmore_attr94"/>
			<textbox dataattribute="PLUSTREFNEW" id="searchmore_attr95"/>
			<textbox dataattribute="PLUSTLTD" id="searchmore_attr96"/>
			<checkbox dataattribute="PLUSTPRIMETER" id="searchmore_attr97"/>
			<checkbox dataattribute="PLUSTMPINCLUDE" id="searchmore_attr98"/>
			<textbox dataattribute="PLUSTNPREPORTDATE" id="searchmore_attr99" lookup="datelookup"/>
		</section>
		<buttongroup id="searchmore_buttongroup">
			<pushbutton default="true" id="searchmore_buttongroup_1" label="Find" mxevent="dialogok"/>
			<pushbutton id="qbe_restoreappdefault_button" label="アプリケーション・デフォルトのリストア" mxevent="qbeclear"/>
			<pushbutton id="qbe_revisebutton" label="改訂" menutype="SEARCHMOREREVISE" targetid="searchmore"/>
			<pushbutton id="searchmore_buttongroup_3" label="Cancel" mxevent="qbecancel"/>
		</buttongroup>
	</dialog>

	<dialog beanclass="psdi.webclient.system.beans.ViewBookmarksBean" id="searchbook" label="ブックマーク" mboname="ASSETMETER">
		<table id="bookmarks_table" inputmode="readonly" selectmode="single">
			<tablebody displayrowsperpage="20" filterable="true" id="bookmarks_table_tablebody">
				<tablecol dataattribute="ASSETNUM" id="bookmarks_tablecolumn_1" mxevent="selectrecord" type="link"/>
				<tablecol dataattribute="description" id="bookmarks_tablecolumn_2"/>
				<tablecol filterable="false" id="bookmarks_tablecolumn_3" mxevent="instantdelete" mxevent_desc="Delete" mxevent_icon="btn_delete.gif" sortable="false" type="event"/>
			</tablebody>
		</table>
		<buttongroup id="bookmarks_2">
			<pushbutton default="true" id="bookmarks_2_1" label="OK" mxevent="dialogok"/>
		</buttongroup>
	</dialog>
	<configurationblock id="datastore_configurationblock">
	</configurationblock>
</presentation>
