<?xml version="1.0" encoding="UTF-8"?>

<presentation apphelp="com.ibm.mbs.doc,viewsr/c_view_srs_application.html" apprestrictions="origrecordclass!='SOLUTION' or origrecordclass is null" beanclass="psdi.webclient.beans.servicedesk.SearchBean" id="ex_viewsr" ismobile="false" mboname="SR" orderby="TICKETID" resultstableid="results_showlist" version="7.1.0.0">
	<page id="mainrec" scroll="false">
		<include controltoclone="selfServicePageHeader" id="INCLUDE-selfServicePageHeader"/>
		<clientarea id="clientarea">
			<appbar id="servreqs"/>
			<tabgroup format="carddeck" id="maintabs">
				<tab default="true" id="results" label="一覧" type="list">
					<menubar event="search" id="querytoolbar"/>
					<table datasrc="results_showlist" description="作業依頼を以下に示します。特定のワークリクエスト要求を迅速に見つけるには上の検索を使用します。" id="results_showlist" inputmode="readonly" label="作業依頼" mboname="SR" orderby="REPORTDATE DESC" startempty="true">
						<tablebody displayrowsperpage="10" filterable="true" filterexpanded="true" id="results_showlist_tablebody">
							<tablecol dataattribute="ticketid" id="list_showlist_tablebody_2" label="作業依頼" mxevent="selectrecord" mxevent_desc="%1 へ移動" type="link"/>
							<tablecol dataattribute="DESCRIPTION" id="list_showlist_tablebody_10" label="依頼件名" width="150"/>
							<tablecol dataattribute="STATUS" id="list_showlist_tablebody_12" lookup="VALUELIST"/>
							<tablecol dataattribute="REPORTDATE" id="1554452086969" lookup="DATELOOKUP" width="100"/>
							<tablecol dataattribute="WORKVIEW.REPORTEDBYNAME" id="1554457406927" width="100"/>
							<tablecol dataattribute="EX_LOCATIONS01.DESCRIPTION" id="1585120318309" label="上位ロケーション名" width="150"/>
							<tablecol dataattribute="LOCATION.DESCRIPTION" id="1554457464640" label="ロケーション名" width="150"/>
							<tablecol dataattribute="ASSETNUM" id="1586158398452" label="機器番号" lookup="USERCUST" menutype="ASSETMAIN"/>
							<tablecol dataattribute="ASSET.DESCRIPTION" id="list_showlist_tablebody_3" label="機器名" width="200"/>
							<tablecol dataattribute="ISKNOWNERRORDATE" id="1585023515219" label="発生日" lookup="DATELOOKUP" width="100"/>
							<tablecol dataattribute="EX_ALNDOMAIN01.DESCRIPTION" id="list_showlist_tablebody_11" label="優先度" width="100"/>
							<tablecol dataattribute="EX_PERSONGROUP01.DESCRIPTION" id="list_showlist_tablebody_8" label="依頼先部署名" width="100"/>
							<tablecol dataattribute="EX_REQUESTEDDEPTCOMMENT" id="list_showlist_tablebody_6" label="被依頼部署コメント" width="200"/>
							<tablecol dataattribute="EX_WORKTYPE" id="list_showlist_tablebody_7" label="ワークタイプ" lookup="WORKTYPE"/>
						</tablebody>
					</table>
				</tab>
				<tab id="main" inputmode="readonly" label="作業依頼" type="insert">
					<section id="main_grid0">
						<sectionheader id="main_grid1_sectionheader" label="作業依頼 {0}">
							<paramvalues id="main_grid1_sec_params" property="label">
								<paramvalue dataattribute="ticketid" id="main_grid1_sec_param_1" position="0"/>
							</paramvalues>
							<controlcontainer id="viewsrheaderlinks">
								<hyperlink align="right" id="srmain_grid3_row_col1_sec_h_1" image="nav_icon_previous.gif" label="前のレコード" mxevent="PREVIOUS"/>
								<image height="5" id="srmain_grid3_row_col1_sec_sep_1" imagename="blank.gif" width="10"/>
								<hyperlink align="right" id="srmain_grid3_row_col1_sec_h_2" image="nav_icon_next.gif" imagealign="right" label="次のレコード" mxevent="NEXT"/>
								<image id="srmain_grid3_row_col1_sec_sep_21" imagename="tablebtn_divider.gif"/>
								<hyperlink align="right" id="srmain_grid3_row_col1_sec_h_31" image="btn_SSDetailsSearch.gif" label="検索" mxevent="returnSolution"/>
								<image id="srmain_grid3_row_col1_sec_sep_2" imagename="tablebtn_divider.gif"/>
								<image id="srmain_grid3_row_col1_sec_sep_3" imagename="tablebtn_divider.gif"/>
								<image id="srmain_grid3_row_col1_sec_sep_4" imagename="tablebtn_divider.gif" sigoption="ROUTEWF"/>
							</controlcontainer>
						</sectionheader>
					</section>
					<section id="1554452726379">
						<sectionrow id="1554452775585">
							<sectioncol id="1554452784288">
								<section id="1554452796758">
									<textbox dataattribute="TICKETID" id="1554452818068" label="作業依頼"/>
									<textbox dataattribute="DESCRIPTION" id="1560735946306" label="依頼件名"/>
								</section>
							</sectioncol>
							<sectioncol id="1554452787224">
								<section id="1554452800274">
									<textbox dataattribute="STATUS" id="1558425119307"/>
									<textbox dataattribute="ISKNOWNERRORDATE" id="1585023449291" inputmode="readonly" label="発生日"/>
								</section>
							</sectioncol>
							<sectioncol id="1554452790552">
								<section id="1554452803286">
									<textbox dataattribute="SITEID" id="1554452903444" size="15"/>
								</section>
							</sectioncol>
							<sectioncol id="1554452775601">
								<section id="1554452806162"/>
							</sectioncol>
						</sectionrow>
					</section>
					<section id="1554452730380" label="ユーザー情報">
						<section id="1554453036992">
							<multiparttextbox applink="PERSON" dataattribute="REPORTEDBY" descdataattribute="WORKVIEW.REPORTEDBYNAME" descinputmode="readonly" id="1558506041104" lookup="PERSON" menutype="PERSONTKT"/>
							<textbox dataattribute="EX_PERSONGROUPVIEW01.EX_PERSONGROUP01.DESCRIPTION" id="1554453058976" inputmode="readonly" label="報告者部署"/>
							<textbox dataattribute="REPORTDATE" id="1558506168088"/>
						</section>
					</section>
					<section id="1554452738429" label="作業依頼の詳細">
						<section id="1554453329569">
							<sectionrow id="1554453366210">
								<sectioncol id="1554453393664">
									<multiparttextbox applink="EX_LOC" dataattribute="EX_LOCATIONS01.LOCATION" descdataattribute="EX_LOCATIONS01.DESCRIPTION" descinputmode="readonly" desclookup="NONE" id="1585120217570" inputmode="readonly" label="エリア" menutype="NORMAL"/>
									<multiparttextbox applink="ex_loc" dataattribute="LOCATION" descdataattribute="LOCATION.DESCRIPTION" descinputmode="readonly" desclookup="NONE" id="1554453419727" inputmode="readonly" menutype="NORMAL"/>
								</sectioncol>
								<sectioncol id="15544533662102"/>
							</sectionrow>
							<sectionrow id="1554453371117">
								<sectioncol id="1554453397491">
									<multiparttextbox applink="EX_ASSET" dataattribute="ASSETNUM" descdataattribute="ASSET.DESCRIPTION" descinputmode="readonly" desclookup="NONE" id="1554453432899" label="機器" menutype="NORMAL"/>
								</sectioncol>
								<sectioncol id="15544533711172"/>
							</sectionrow>
							<sectionrow id="1554453374788">
								<sectioncol id="1554453400960">
									<textbox dataattribute="ASSET.CLASSSTRUCTURE.HIERARCHYPATH" id="1562117140348" inputmode="readonly" label="分類パス"/>
								</sectioncol>
								<sectioncol id="15544533747882"/>
							</sectionrow>
						</section>
						<section id="1554453333791">
							<sectionrow id="1557822684526">
								<sectioncol id="15578226845259">
									<multilinetextbox columns="70" dataattribute="EX_SRDETAIL" id="1554453813148" inputmode="readonly" label="依頼内容" lookup="LONGDESC" rows="14"/>
								</sectioncol>
								<sectioncol id="25578226845259">
									<table beanclass="psdi.webclient.beans.doclinks.DocLinksBean" description="下のボタンのいずれかをクリックすると、作業依頼に添付ファイルが追加されます。" id="attachments" inputmode="readonly" label="添付" orderby="ownertable, doctype" relationship="DOCLINKS">
										<tablebody displayrowsperpage="5" filterable="false" filterexpanded="false" id="attachments_tablebody">
											<tablecol dataattribute="doctype" id="1561427644258"/>
											<tablecol dataattribute="document" id="attachments_tablebody_2" type="openurl" urlattribute="weburl"/>
											<tablecol dataattribute="docinfo.description" id="attachments_tablebody_3"/>
											<tablecol filterable="false" id="attachments_tablebody_5" mxevent="toggledeleterow" mxevent_desc="行を削除対象にマーク" mxevent_icon="btn_garbage.gif" sortable="false" type="event"/>
										</tablebody>
										<buttongroup id="attachments_buttongroup">
											<pushbutton id="attachments_pushbutton_1" label="ファイルの添付" mxevent="ex_ssaddnewattachmentfile"/>
										</buttongroup>
										<tabledetails id="attachments_tabledetails"/>
									</table>
								</sectioncol>
							</sectionrow>
						</section>
						<section id="1557822754228">
							<sectionrow id="1557822684525">
								<sectioncol id="15578226845252">
									<multiparttextbox dataattribute="EX_WORKTYPE" descdataattribute="EX_WORKTYPE01.WTYPEDESC" descinputmode="readonly" id="1557822702541" label="ワークタイプ" lookup="worktype"/>
								</sectioncol>
								<sectioncol id="15578226845253">
									<multiparttextbox dataattribute="EX_SRPRIORITY" descdataattribute="EX_ALNDOMAIN01.DESCRIPTION" descinputmode="readonly" id="1557822705182" label="優先度" lookup="valuelist"/>
								</sectioncol>
							</sectionrow>
						</section>
						<section id="1554453339647">
							<multiparttextbox applink="PERSONGR" dataattribute="EX_REQUESTDEPT" descdataattribute="EX_PERSONGROUP01.DESCRIPTION" descinputmode="readonly" id="1554454194103" inputmode="readonly" lookup="EX_WOPERSONGROUP" menutype="NORMAL"/>
						</section>
					</section>
					<section id="1554452742241" label="依頼した作業の状況">
						<sectionrow id="1564125145439">
							<sectioncol id="1564125164892">
								<section id="155445274224115641251454392subSection">
									<multilinetextbox columns="40" dataattribute="EX_REQUESTEDDEPTCOMMENT" id="1554454393313" label="承認者 / 被依頼部署コメント" rows="3"/>
								</section>
							</sectioncol>
							<sectioncol id="15641251454392">
								<section id="1583894835164">
									<table id="15946258274155" inputmode="readonly" label="差戻し理由" relationship="EX_TKSTATUS01">
										<tablebody filterable="true" id="15946258274156">
											<tablecol dataattribute="MEMO" id="15946258274157" label="差戻し理由" width="300"/>
											<tablecol dataattribute="CHANGEDATE" id="1594625827431" label="差戻し日" width="150"/>
											<tablecol dataattribute="EX_PERSON01.DISPLAYNAME" id="15946258274312" label="担当者" width="150"/>
										</tablebody>
									</table>
								</section>
							</sectioncol>
						</sectionrow>
					</section>
					<section id="1554455842833"/>
				</tab>
			</tabgroup>
		</clientarea>
		<include controltoclone="pageFooter" id="INCLUDE-pageFooter"/>
	</page>

	<dialog beanclass="psdi.webclient.beans.common.ClassificationBean" id="searchmore" inputmode="query" label="検索条件の入力">
		<section id="qbe_grid2">
			<sectionrow id="qbe_grid2_1">
				<sectioncol id="qbe_grid2_1_1">
					<section id="qbe_grid2_1_1_grid3">
						<textbox dataattribute="ticketid" id="qbe_grid2_1_1_grid3_1" inputmode="query" label="作業依頼"/>
						<textbox dataattribute="description" id="qbe_grid2_1_1_grid3_1a" inputmode="query" label="依頼件名"/>
						<textbox applink="PERSON" dataattribute="REPORTEDBY" id="qbe_grid2_1_1_grid5_11" inputmode="query" lookup="PERSON" menutype="NORMAL"/>
						<textbox applink="asset,ipc" dataattribute="assetnum" id="qbe_grid2_1_1_grid5_1" inputmode="query" label="機器" lookup="asset" menutype="assetmain"/>
						<textbox applink="location,ipc" dataattribute="location" id="qbe_grid2_1_1_grid5_5" inputmode="query" lookup="locations" menutype="locations"/>
						<textbox applink="persongr" dataattribute="EX_REQUESTDEPT" id="qbe_grid2_1_1_grid3_4" inputmode="query" lookup="PERSONGROUP" menutype="normal"/>
						<blankline id="qbe_blkline1"/>
					</section>
				</sectioncol>
				<sectioncol id="qbe_grid2_1_2">
					<section id="qbe_grid2_1_1_grid5">
						<textbox dataattribute="EX_WORKTYPE" id="qbe_grid2_1_1_grid5_6" inputmode="query" lookup="WORKTYPE"/>
						<textbox dataattribute="EX_SRPRIORITY" id="qbe_grid2_1_1_grid5_10" inputmode="query" label="優先度" lookup="VALUELIST"/>
					</section>
				</sectioncol>
				<sectioncol id="qbe_grid2_1_3">
					<section id="qbe_grid2_1_3_grid5">
						<textbox dataattribute="status" id="qbe_grid2_1_1_grid5_4" inputmode="query" lookup="valuelist"/>
						<textbox dataattribute="siteid" id="qbe_grid2_1_1_grid5_9" inputmode="query" lookup="site"/>
						<textbox dataattribute="historyflag" id="qbe_grid2_1_1_grid5_8" inputmode="query"/>
					</section>
				</sectioncol>
			</sectionrow>
		</section>
		<buttongroup id="qbe_grid5_1_1_grid6">
			<pushbutton default="true" id="qbe_grid5_1_1_grid6_1" label="検索" mxevent="dialogok"/>
			<pushbutton id="qbe_restoreappdefault_button" label="検索条件のクリア" mxevent="qbeclear"/>
			<pushbutton id="qbe_revisebutton" label="改訂" menutype="SEARCHMOREREVISE" targetid="searchmore"/>
			<pushbutton id="qbe_grid5_1_1_grid6_3" label="キャンセル" mxevent="qbecancel"/>
		</buttongroup>
	</dialog>

	<dialog datasrc="log" id="viewservicelog" label="サービス要求ログの表示">
		<helpgrid id="viewservicelog_help" innerhtml="以下のサービス要求ログを表示します。「OK」をクリックして戻ります。"/>
		<section border="true" id="viewservicelog_grid1">
			<sectionrow id="viewservicelog_grid1_1">
				<sectioncol id="viewservicelog_grid1_1_1">
					<section id="viewservicelog_grid2">
						<textbox dataattribute="createby" id="viewservicelog_0"/>
						<textbox dataattribute="createdate" id="viewservicelog_1"/>
						<textbox dataattribute="description" id="viewservicelog_2"/>
						<richtextviewer dataattribute="description_longdescription" id="viewservicelog_3"/>
					</section>
				</sectioncol>
			</sectionrow>
		</section>
		<buttongroup id="viewservicelog_grid1_1_1_grid6">
			<pushbutton default="true" id="viewservicelog_grid1_1_1_grid6_1" label="OK" mxevent="dialogcancel"/>
		</buttongroup>
	</dialog>

	<dialog id="servicelog" label="サービス要求ログの更新" parentdatasrc="MAINRECORD" relationship="MODIFYWORKLOG">
		<helpgrid id="servicelog_help" innerhtml="下のサービス要求ログを更新します。ログを保存するには「OK」をクリックします。「キャンセル」をクリックすると戻りますが、ログは保存されません。"/>
		<section border="true" id="servicelog_grid1">
			<sectionrow id="servicelog_grid1_1">
				<sectioncol id="servicelog_grid1_1_1">
					<section id="servicelog_grid2">
						<textbox dataattribute="createby" id="servicelog_0"/>
						<textbox dataattribute="createdate" id="servicelog_1"/>
						<textbox dataattribute="description" id="servicelog_2"/>
						<richtexteditor dataattribute="description_longdescription" id="servicelog_3"/>
					</section>
				</sectioncol>
			</sectionrow>
		</section>
		<buttongroup id="servicelog_grid1_1_1_grid6">
			<pushbutton clickmessage="Record(s) has been saved." default="true" id="servicelog_grid1_1_1_grid6_1" label="OK" mxevent="dialogok"/>
			<pushbutton id="servicelog_2_1" label="キャンセル" mxevent="dialogcancel"/>
		</buttongroup>
	</dialog>
	<configurationblock id="datastore_configurationblock">
	</configurationblock>
</presentation>
