<?xml version="1.0" encoding="UTF-8"?>

<presentation apphelp="com.ibm.mbs.doc,createdr/c_create_requisition_application.html" beanclass="psdi.webclient.beans.desktopreq.DesktopReqAppBean" id="createdr" ismobile="false" mboname="MR" version="7.1.0.0">
	<page id="mainrec" scroll="false">
		<defaultvalue dataattribute="EX_PERSONGROUP" defaulttype="insert" fromattribute="EX_PERSONGROUP01.PERSONGROUP" fromdatasrc="mainrecord" id="1559289786728"/>
		<include controltoclone="desktopReqPageHeader" id="INCLUDE-desktopReqPageHeader"/>
		<clientarea id="clientarea">
			<appbar id="desktopreqs"/>
			<tabgroup format="carddeck" id="maintabs">
				<tab default="true" id="main" type="insert">
					<section border="true" id="main_grid0" label="要求書の作成">
						<sectionrow id="1558443230541">
							<sectioncol id="1558443238072">
								<section id="main_grid1_1_1_grid2_row1_col1_sec1">
									<multiparttextbox dataattribute="mrnum" defaultfocus="true" descdataattribute="description" desclookup="none" id="main_grid1_1_1" inputmode="readonly"/>
									<textbox dataattribute="EX_PURCHASEDIV" id="1563237328817" inputmode="required" lookup="VALUeLIST" synchronous="true"/>
									<multiparttextbox dataattribute="MRTMPLTNUM" descdataattribute="description_tmplt" descinputmode="readonly" id="main_grid1_1_21" lookup="selecttemplate"/>
									<multiparttextbox dataattribute="location" descdataattribute="LOCATIONS.description" descinputmode="readonly" desclookup="none" id="1558424074744" lookup="LOCATIONS"/>
									<multiparttextbox dataattribute="ASSETNUM" descdataattribute="ASSET.description" descinputmode="readonly" desclookup="none" id="1558424042229" label="機器" lookup="ASSET"/>
								</section>
							</sectioncol>
							<sectioncol id="1558443235432">
								<section id="main_grid1_1_1_grid2_row1_col2_sec1">
									<multiparttextbox applink="PERSON" dataattribute="REQUESTEDBY" descdataattribute="EX_PERSON01.displayname" descinputmode="readonly" desclookup="none" id="1558427545072" lookup="PERSON" menutype="NORMAL"/>
									<multiparttextbox dataattribute="EX_PERSONGROUP" descdataattribute="EX_PERSONGROUP02.DESCRIPTION" descinputmode="readonly" desclookup="none" id="1559289982525" inputmode="readonly" label="要求者組織"/>
									<textbox dataattribute="EX_DELIVERYPOINT" id="1603343950533"/>
									<textbox dataattribute="requireddate" id="main_grid1_1_2" label="納入希望日" lookup="datelookup"/>
									<textbox dataattribute="TOTALCOST" id="1558509149385" inputmode="readonly"/>
								</section>
							</sectioncol>
							<sectioncol id="15584432305412">
								<section id="1558420116604">
									<sectionrow id="1558420119760">
										<sectioncol id="15584201197602">
											<textbox dataattribute="status" id="1558490618447" inputmode="readonly"/>
											<textbox dataattribute="siteid" id="1558443317041" inputmode="readonly"/>
											<textbox dataattribute="ENTERDATE" id="1558424428744"/>
											<textbox dataattribute="changedate" id="1558427476213" label="更新日"/>
											<multiparttextbox applink="PERSON" dataattribute="CHANGEBY" descdataattribute="EX_PERSON02.DISPLAYNAME" descinputmode="readonly" desclookup="none" id="1558427553213" inputmode="readonly" label="更新者" lookup="PERSON" menutype="NORMAL"/>
										</sectioncol>
									</sectionrow>
								</section>
							</sectioncol>
						</sectionrow>
						<sectionrow id="1558443203978"/>
					</section>
					<section id="wizard_step_2">
						<blankline id="1607571231816"/>
						<buttongroup id="wizard_step_2_btngroup" show="true">
							<pushbutton default="false" id="1558413555916" label="送信" mxevent="submit" targetid="createdr"/>
							<pushbutton id="wizard_step_2_btn_20" label="ドラフトとして保存" mxevent="savedraft" targetid="createdr"/>
							<pushbutton default="true" id="wizard_step_2_btn_21" label="キャンセル" mxevent="startcenter" targetid="createdr"/>
						</buttongroup>
					</section>
					<table beanclass="psdi.webclient.beans.desktopreq.MRActionsBean" id="reqlines_table" label="要求書明細項目" listeners="mrline0specification_pdspectable" orderby="mrlinenum" relationship="MRLINE">
						<defaultvalue dataattribute="EX_DELIVERYPOINT" defaulttype="insert" fromattribute="EX_DELIVERYPOINT" fromdatasrc="mainrecord" id="1561631925338"/>
						<defaultvalue dataattribute="LINETYPE" defaulttype="insert" fromattribute="EX_PURCHASEDIV" fromdatasrc="mainrecord" id="1570599275991"/>
						<defaultvalue dataattribute="PRNUM" defaulttype="insert" id="1580270732371" value="DUMMY"/>
						<defaultvalue dataattribute="ORDERUNIT" defaulttype="insert" fromattribute="EX_MEASUREUNIT01.MEASUREUNITID" fromdatasrc="mainrecord" id="1587543636578"/>
						<tablebody displayrowsperpage="10" filterable="true" filterexpanded="false" id="reqlines_tablebody2">
							<tablecol filterable="false" id="reqlines_tablebody_20" mxevent="toggledetailstate" mxevent_desc="詳細の表示" sortable="false" type="event"/>
							<tablecol dataattribute="mrlinenum" id="reqlines_tablebody_21"/>
							<tablecol dataattribute="requireddate" id="reqlines_tablebody_23" label="納入希望日" lookup="datelookup"/>
							<tablecol dataattribute="LINETYPE" id="1563243758524" inputmode="readonly">
								<combobox id="1_reqlines_tabledetails_1_row2_col1_sec10"/>
							</tablecol>
							<tablecol dataattribute="description" id="reqlines_tablebody_25" label="件名"/>
							<tablecol dataattribute="qty" id="1563243638894" label="必要数量"/>
							<tablecol dataattribute="ORDERUNIT" id="reqlines_tablebody_22" lookup="MEASUREUNIT"/>
							<tablecol dataattribute="UNITCOST" id="1564549471234"/>
							<tablecol dataattribute="LINECOST" id="1564549412999"/>
							<tablecol filterable="false" id="reqlines_tablebody_212" mxevent="instantdelete" mxevent_desc="行の削除" mxevent_icon="btn_delete.gif" sortable="false" type="event"/>
						</tablebody>
						<tabledetails id="reqlines_tabledetails">
							<section id="reqlines_tabledetails_1" label="詳細">
								<sectionrow id="1570006074995">
									<sectioncol id="15700060749952">
										<section id="1570006091321">
											<sectionrow id="1570006094637">
												<sectioncol id="1570006104680">
													<section id="reqlines_tabledetails_1_row1_col1_sec1">
														<textbox dataattribute="mrlinenum" id="reqlines_tabledetails_1_row2_col1_sec19" ondatachange="resetchildren"/>
														<combobox dataattribute="linetype" id="reqlines_tabledetails_1_row2_col1_sec10" inputmode="readonly"/>
														<textbox dataattribute="DESCRIPTION" id="1564538292536" inputmode="required" label="件名"/>
													</section>
												</sectioncol>
												<sectioncol id="1570006108282">
													<section id="reqlines_tabledetails_1_row1_col2_sec1">
														<textbox dataattribute="EX_DELIVERYPOINT" id="1603344150128"/>
														<textbox dataattribute="REQUIREDDATE" id="1558434235041" label="納入希望日" lookup="datelookup"/>
														<textbox dataattribute="REMARKS" id="1558434609275"/>
													</section>
												</sectioncol>
												<sectioncol id="15700060946372">
													<section id="1562772210216">
														<sectionrow id="1562772216034">
															<sectioncol id="15627722160342">
																<textbox dataattribute="qty" id="reqlines_tabledetails_1_row2_col1_sec11" inputmode="required" label="必要数量" synchronous="true"/>
																<textbox dataattribute="orderunit" id="reqlines_tabledetails_1_row2_col1_sec12" inputmode="required" lookup="measureunit"/>
																<textbox dataattribute="unitcost" id="reqlines_tabledetails_1_row2_col1_sec13" synchronous="false"/>
																<textbox dataattribute="linecost" id="reqlines_tabledetails_1_row2_col1_sec14" inputmode="readonly"/>
															</sectioncol>
														</sectionrow>
													</section>
												</sectioncol>
											</sectionrow>
											<blankline id="1607571885368"/>
											<sectionrow id="sectionrow_attachments">
												<section border="false" id="main_attachments">
													<table beanclass="psdi.webclient.beans.doclinks.DocLinksBean" description="下のボタンのいずれかをクリックすると、サービス要求に添付ファイルが追加されます。" id="attachments_table" inputmode="readonly" label="添付" orderby="ownertable, doctype" relationship="DOCLINKS">
														<tablebody displayrowsperpage="5" id="attachments_tablebody">
															<tablecol dataattribute="doctype" id="attachments_tablecol_1"/>
															<tablecol dataattribute="document" id="attachments_tablecol_2" type="openurl" urlattribute="weburl"/>
															<tablecol dataattribute="docinfo.description" id="attachments_tablecol_3"/>
															<tablecol filterable="false" id="attachments_tablecol_4" mxevent="toggledeleterow" mxevent_desc="行を削除対象にマーク" mxevent_icon="btn_garbage.gif" sortable="false" type="event"/>
														</tablebody>
														<buttongroup id="attachments_buttongroup">
															<pushbutton id="attachments_pushbutton_1" label="ファイルの添付" mxevent="ex_ssaddnewattachmentfile"/>
														</buttongroup>
														<tabledetails id="attachments_tabledetails"/>
													</table>
												</section>
											</sectionrow>
										</section>
									</sectioncol>
								</sectionrow>
							</section>
						</tabledetails>
						<buttongroup id="reqlines_table_1">
							<pushbutton default="true" id="reqlines_table_1_0" label="新規行" mxevent="addrow" sigoptiondatasrc="mainrecord"/>
						</buttongroup>
					</table>
				</tab>
			</tabgroup>
		</clientarea>
		<include controltoclone="pageFooter" id="INCLUDE-pageFooter"/>
	</page>

	<dialog id="linkproperties" label="添付のプロパティー">
		<section border="true" id="linkproperties_1">
			<textbox dataattribute="doctype" id="linkproperties_1_2" inputmode="readonly" label="作成先フォルダー"/>
			<textbox dataattribute="doctypes.description" id="linkproperties_1_3"/>
			<checkbox dataattribute="printthrulink" id="linkproperties_1_4" label="ワークパックとともに印刷"/>
			<textbox dataattribute="docversion" id="linkproperties_1_5" label="バージョン"/>
			<textbox dataattribute="urlname" id="linkproperties_1_6" label="パス"/>
			<textbox dataattribute="description" id="linkproperties_1_7"/>
			<textbox dataattribute="createby" id="linkproperties_1_8" label="作成者"/>
			<textbox dataattribute="createdate" id="linkproperties_1_9" label="作成日"/>
		</section>
		<table id="linkproperties_table" label="使用ロケーション" relationship="WHEREUSED">
			<tablebody displayrowsperpage="14" id="linkproperties_table_1">
				<tablecol dataattribute="ownertable" id="linkproperties_table_1_1" label="アプリケーション"/>
				<tablecol dataattribute="ownerid" id="linkproperties_table_1_2" label="ID"/>
				<tablecol dataattribute="doctype" id="linkproperties_table_1_3" label="文書フォルダー"/>
			</tablebody>
		</table>
		<buttongroup id="linkproperties_buttongrid1">
			<pushbutton default="true" id="linkproperties_buttongrid1_2" label="OK" mxevent="dialogclose"/>
		</buttongroup>
	</dialog>

	<dialog beanclass="psdi.webclient.beans.desktopreq.SelectTemplateBean" id="lookup_selecttemplate" label="値の選択" mboname="MR">
		<table id="template_table" inputmode="readonly" selectmode="single">
			<defaultvalue dataattribute="EX_PERSONGROUP" defaulttype="query" fromattribute="EX_PERSONGROUP" fromdatasrc="mainrecord" id="1564382645019"/>
			<tablebody displayrowsperpage="20" filterable="true" filterexpanded="true" id="template_table_tablebody">
				<tablecol dataattribute="mrnum" id="template_table_tablecol_1" mxevent="selectrecord" mxevent_desc="%1 へ移動" sortable="true" type="link"/>
				<tablecol dataattribute="description" id="template_table_tablebody_3" mxevent="selectrecord" mxevent_desc="%1 へ移動" sortable="true" type="link"/>
				<tablecol dataattribute="EX_PERSONGROUP" id="1564378458055"/>
				<tablecol dataattribute="EX_PERSONGROUP02.DESCRIPTION" id="1564378454483" label="組織名"/>
			</tablebody>
		</table>
		<buttongroup id="selecttemplate_2">
			<pushbutton id="selecttemplate_2_1" label="キャンセル" mxevent="dialogcancel"/>
		</buttongroup>
	</dialog>
	<configurationblock id="datastore_configurationblock">
	</configurationblock>
</presentation>
