<?xml version="1.0" encoding="UTF-8"?>

<presentation apphelp="com.ibm.mbs.doc,po/c_po_app.html" beanclass="psdi.webclient.beans.po.POAppBean" id="ex_po" ismobile="false" keyattribute="ponum" mboname="PO" resultstableid="results_showlist" version="7.1.0.0">
	<page id="mainrec" scroll="false">
		<defaultvalue dataattribute="PURCHASEAGENT" defaulttype="insert" fromattribute="EX_PERSON08.PERSONID" fromdatasrc="mainrecord" id="1586226173841"/>
		<defaultvalue dataattribute="EX_REQUESTEDBY" defaulttype="insert" fromattribute="EX_PERSON08.personid" fromdatasrc="mainrecord" id="1586224756757"/>
		<include controltoclone="pageHeader" id="INCLUDE-pageHeader"/>
		<clientarea id="clientarea">
			<tabgroup id="maintabs" style="form">
				<tab default="true" id="results" label="一覧" type="list">
					<menubar event="search" id="actiontoolbar" sourcemethod="getAppSearchOptions"/>
					<table datasrc="results_showlist" id="results_showlist" inputmode="readonly" label="注文書" mboname="PO" orderby="ponum desc" selectmode="multiple">
						<tablebody displayrowsperpage="20" filterable="true" filterexpanded="true" id="results_showlist_tablebody">
							<tablecol dataattribute="ponum" filterable="false" id="results_showlist_tablebody_1" mxevent="toggleselectrow" mxevent_desc="行 {0} の選択" sortable="false" type="event"/>
							<tablecol dataattribute="ponum" id="results_showlist_tablebody_2" mxevent="selectrecord" mxevent_desc="%1 へ移動" type="link"/>
							<tablecol dataattribute="REVISIONNUM" id="1587447285331" width="50"/>
							<tablecol dataattribute="description" id="results_showlist_tablebody_3" width="180"/>
							<tablecol dataattribute="status" id="results_showlist_tablebody_4" linkedcontrolid="qbe_grid2_1_1_grid3_3"/>
							<tablecol dataattribute="EX_PURCHASEDIV" id="1564634869670" lookup="VALUELIST"/>
							<tablecol dataattribute="EX_PERSON01.DISPLAYNAME" id="1589788158226" label="要求者" width="100"/>
							<tablecol dataattribute="EX_PERSON02.DISPLAYNAME" id="1564634889452" label="注文担当者" width="100"/>
							<tablecol dataattribute="REQUIREDDATE" id="1564634891550" label="納入希望日" lookup="DATELOOKUP" width="100"/>
							<tablecol dataattribute="VENDELIVERYDATE" id="1564634866421" lookup="DATELOOKUP"/>
							<tablecol applink="EX_COMPANY" dataattribute="vendor" id="results_showlist_tablebody_6" lookup="companies" menutype="normal"/>
							<tablecol dataattribute="PO_VENDOR.NAME" id="1564634903483" label="企業名"/>
							<tablecol dataattribute="PRETAXTOTAL" id="1564634905906"/>
							<tablecol dataattribute="TOTALTAX1" id="1564634895467"/>
							<tablecol dataattribute="TOTALCOST" id="results_showlist_tablebody_7" label="合計"/>
							<tablecol dataattribute="siteid" id="results_showlist_tablebody_8" linkedcontrolid="qbe_grid2_1_1_grid3_4"/>
							<tablecol filterable="false" id="results_bookmark" mxevent="BOOKMARK" mxevent_desc="ブックマークに追加" mxevent_icon="btn_addtobookmarks.gif" sortable="false" type="event"/>
						</tablebody>
					</table>
				</tab>
				<tab id="main" label="注文書" type="insert">
					<section id="1576111619571">
						<sectionrow id="1576111925245">
							<sectioncol id="15761119252452">
								<section border="true" id="main_grid2">
									<sectionrow id="main_grid2_row1">
										<sectioncol id="main_grid2_row1_col1">
											<section id="main_grid2a">
												<multiparttextbox dataattribute="ponum" descdataattribute="description" desclookup="none" id="main_grid2_1" inputmode="readonly"/>
												<multiparttextbox dataattribute="REVISIONNUM" descdataattribute="REVCOMMENTS" desclookup="none" id="1587446985772"/>
												<textbox dataattribute="EX_PURCHASEDIV" id="1563265644289" inputmode="required" lookup="valuelist" size="15"/>
											</section>
										</sectioncol>
										<sectioncol id="main_grid2_row1_col2">
											<section id="main_grid2b">
												<textbox dataattribute="siteid" id="main_grid2_3"/>
												<textbox dataattribute="status" id="main_grid2_4"/>
												<textbox dataattribute="statusdate" id="main_grid4_5"/>
											</section>
										</sectioncol>
										<sectioncol id="main_grid1_row1_col4">
											<section border="false" id="main_attachments">
												<table beanclass="psdi.webclient.beans.doclinks.DocLinksBean" description="下のボタンのいずれかをクリックすると、サービス要求に添付ファイルが追加されます。" id="attachments_table" inputmode="readonly" label="添付" orderby="ownertable, doctype" relationship="DOCLINKS">
													<tablebody displayrowsperpage="3" id="attachments_tablebody">
														<tablecol dataattribute="doctype" id="attachments_tablecol_1"/>
														<tablecol dataattribute="document" id="attachments_tablecol_2" type="openurl" urlattribute="weburl"/>
														<tablecol dataattribute="docinfo.description" id="attachments_tablecol_3"/>
														<tablecol filterable="false" id="attachments_tablecol_4" mxevent="toggledeleterow" mxevent_desc="行を削除対象にマーク" mxevent_icon="btn_garbage.gif" sortable="false" type="event"/>
													</tablebody>
													<buttongroup id="attachments_buttongroup">
														<pushbutton id="attachments_pushbutton_1" label="ファイルの添付" mxevent="ex_ssaddnewattachmentfile"/>
													</buttongroup>
													<tabledetails id="attachments_tabledetails"/>
												</table>
											</section>
										</sectioncol>
									</sectionrow>
								</section>
							</sectioncol>
						</sectionrow>
						<blankline id="1606444682380"/>
						<sectionrow id="1576111628047">
							<sectioncol id="15761116280472">
								<section id="1559628641572" label="詳細">
									<sectionrow id="1559628652932">
										<sectioncol id="1559628657588">
											<section id="1603335345982">
												<sectionrow id="16033353459822">
													<sectioncol id="16033353459823">
														<multiparttextbox dataattribute="ex_REQUESTEDBY" descdataattribute="EX_PERSON01.displayname" descinputmode="readonly" desclookup="none" id="16033353459824" lookup="PERSON"/>
														<multiparttextbox dataattribute="EX_PERSONGROUP" descdataattribute="EX_PERSONGROUP02.description" descinputmode="readonly" desclookup="none" id="16033353459825" inputmode="required" label="要求者部署" lookup="PERSONGROUP"/>
														<multiparttextbox dataattribute="PURCHASEAGENT" descdataattribute="EX_PERSON02.DISPLAYNAME" descinputmode="readonly" desclookup="NONE" id="1565143431783" label="注文担当者" lookup="PERSON"/>
														<textbox dataattribute="orderdate" id="main_grid4_1" lookup="datelookup"/>
													</sectioncol>
												</sectionrow>
											</section>
										</sectioncol>
										<sectioncol id="mainsection_2_col2">
											<section id="1606444452163">
												<textbox dataattribute="EX_DELIVERYPOINT" id="1603335345998"/>
												<textbox dataattribute="requireddate" id="16033353459982" label="納入希望日" lookup="datelookup"/>
												<textbox dataattribute="vendeliverydate" id="16033353459983" lookup="datelookup"/>
											</section>
										</sectioncol>
										<sectioncol id="mainsection_2_col3">
											<section id="1606444798008">
												<textbox dataattribute="PRETAXTOTAL" id="main_grid8_1" inputmode="readonly" size="14"/>
												<textbox dataattribute="TOTALTAX1" id="main_grid8_2" inputmode="readonly" size="14"/>
												<textbox dataattribute="TOTALCOST" id="main_grid8_3" size="14"/>
											</section>
										</sectioncol>
										<sectioncol id="1606445785355">
											<section id="1606445792073">
												<textbox dataattribute="receipts" id="main_grid3_8"/>
												<checkbox dataattribute="EX_ORDERREQPRINT" id="1603790915297" inputmode="readonly"/>
											</section>
										</sectioncol>
									</sectionrow>
								</section>
							</sectioncol>
						</sectionrow>
						<sectionrow id="1576112219963">
							<sectioncol id="15761122199632">
								<section id="mainsection_2">
									<blankline id="1606444553004"/>
									<sectionrow id="1606444185856">
										<sectioncol id="1606444190214">
											<section id="mainsection_2a" label="契約">
												<multiparttextbox applink="EX_CONTPURCH" dataattribute="CONTRACTREFNUM" descdataattribute="CONTRACTREF.DESCRIPTION" descinputmode="readonly" desclookup="none" id="1563269675522" label="契約" lookup="CONTRACTAUTH" menutype="NORMAL"/>
												<textbox dataattribute="contractref.contracttype" id="main_grid8_7" inputmode="readonly"/>
												<textbox dataattribute="contractrefrev" id="main_grid8_8"/>
											</section>
										</sectioncol>
										<sectioncol id="16064441858562">
											<section id="1576114063392" label="企業">
												<sectionrow id="1576114074374">
													<sectioncol id="1576114076405">
														<section id="mainsection_3a">
															<multiparttextbox applink="EX_COMPANY" applinkkey="company" dataattribute="vendor" descdataattribute="PO_VENDOR.name" descinputmode="readonly" desclookup="none" id="main_grid5_1" longdescreadonly="true" lookup="companies" menutype="normal"/>
															<textbox dataattribute="vendor.address1" id="main_grid5_4" inputmode="readonly"/>
															<textbox dataattribute="vendor.address2" id="main_grid6a_1" inputmode="readonly" title="City"/>
															<textbox dataattribute="vendor.address3" id="main_grid6a_2" inputmode="readonly" title="State"/>
															<textbox dataattribute="vendor.address4" id="main_grid6a_3" inputmode="readonly" title="ZIP/Postal Code"/>
														</section>
													</sectioncol>
													<sectioncol id="15761140743742">
														<section id="1564635970501">
															<textbox dataattribute="EX_COMPCONTACT01.CONTACT" id="1564641064334" inputmode="readonly" label="担当者(代表)"/>
															<textbox dataattribute="EX_COMPCONTACT01.VOICEPHONE" id="main_grid6b_2" inputmode="readonly"/>
															<textbox dataattribute="EX_COMPCONTACT01.FAXPHONE" id="1564635988954" inputmode="readonly"/>
															<textbox dataattribute="EX_COMPCONTACT01.EMAIL" id="1576114121247" inputmode="readonly"/>
														</section>
													</sectioncol>
												</sectionrow>
											</section>
										</sectioncol>
									</sectionrow>
								</section>
							</sectioncol>
						</sectionrow>
					</section>
				</tab>
				<tab id="polines" label="注文書明細">
					<section id="1579084050788">
						<sectionrow id="1579084061698">
							<sectioncol id="1579084065960">
								<section id="polines_poline_table_1_header_column_section1">
									<multiparttextbox dataattribute="ponum" descdataattribute="description" descinputmode="readonly" desclookup="none" id="polines_grid1_1" inputmode="readonly"/>
									<textbox dataattribute="EX_PURCHASEDIV" id="1564636598818" inputmode="readonly" lookup="VALUELIST" size="15"/>
									<defaultvalue dataattribute="EX_PAYMENTTERMS" defaulttype="insert" id="1568876385818" value="当月締め、翌月末払い"/>
								</section>
							</sectioncol>
							<sectioncol id="1579084083053">
								<section id="polines_poline_table_1_header_column_section4">
									<textbox dataattribute="siteid" id="polines_grid1_3"/>
									<textbox dataattribute="status" id="polines_grid1_4"/>
								</section>
							</sectioncol>
							<sectioncol id="1579084080945">
								<section id="polines_poline_table_1_header_column_section3">
									<sectionrow id="1585810449116">
										<sectioncol id="15858104491162">
											<textbox dataattribute="PRETAXTOTAL" id="1564636773018" inputmode="readonly" size="14"/>
											<textbox dataattribute="TOTALTAX1" id="1564636770612" inputmode="readonly" size="14"/>
											<textbox dataattribute="TOTALCOST" id="polines_grid1_5" inputmode="readonly" size="14"/>
										</sectioncol>
									</sectionrow>
									<sectionrow id="1585811485442">
										<sectioncol id="15858114854422">
											<statictext id="1585811490737"/>
										</sectioncol>
									</sectionrow>
									<sectionrow id="1585810457288">
										<sectioncol id="15858104572882">
											<statictext id="1585811360221"/>
										</sectioncol>
									</sectionrow>
									<sectionrow id="1585810461974">
										<sectioncol id="1585810461990"/>
									</sectionrow>
								</section>
							</sectioncol>
							<sectioncol id="1579084168944"/>
							<sectioncol id="1579084179462"/>
							<sectioncol id="1579084178842"/>
							<sectioncol id="1579084178218"/>
							<sectioncol id="1579084233825"/>
							<sectioncol id="1579084233229"/>
							<sectioncol id="1579084232689"/>
							<sectioncol id="1579084177653"/>
							<sectioncol id="1579084173867"/>
							<sectioncol id="15790840616982"/>
						</sectionrow>
					</section>
					<table beanclass="psdi.webclient.beans.po.POLineTableBean" id="1579083644708" label="注文書明細" listeners="specification_pdspectable" orderby="polinenum" relationship="POLINE">
						<defaultvalue dataattribute="EX_BUDGETNUM" defaulttype="insert" fromattribute="EX_BUDGETNUM" fromdatasrc="mainrecord" id="1579083644724"/>
						<defaultvalue dataattribute="EX_DELIVERYPOINT" defaulttype="insert" fromattribute="EX_DELIVERYPOINT" fromdatasrc="mainrecord" id="15790836447242"/>
						<defaultvalue dataattribute="CONVERSION" defaulttype="insert" id="15790836447243" value="1"/>
						<defaultvalue dataattribute="LINETYPE" defaulttype="insert" fromattribute="EX_PURCHASEDIV" fromdatasrc="mainrecord" id="1581051462628"/>
						<tablebody displayrowsperpage="10" filterable="true" filterexpanded="true" id="15790836447244">
							<tablecol filterable="false" id="15790836447245" mxevent="toggledetailstate" mxevent_desc="詳細の表示" sortable="false" type="event"/>
							<tablecol dataattribute="polinenum" id="15790836447246" sigoptiondatasrc="mainrecord"/>
							<tablecol dataattribute="itemnum" id="1579083644740" lookup="item" menutype="NORMAL" ondatachange="resetchildren" sigoptiondatasrc="mainrecord" width="125"/>
							<tablecol dataattribute="description" id="15790836447402" lookup="longdesc" sigoptiondatasrc="mainrecord"/>
							<tablecol dataattribute="orderqty" id="15790836447403" sigoptiondatasrc="mainrecord" width="130"/>
							<tablecol dataattribute="orderunit" id="15790836447404" linkedcontrolid="polines_poline_table_1_grid5_3" lookup="measureunit" sigoptiondatasrc="mainrecord"/>
							<tablecol dataattribute="unitcost" id="15790836447406" sigoptiondatasrc="mainrecord"/>
							<tablecol dataattribute="linecost" id="15790836447407" inputmode="readonly" sigoptiondatasrc="mainrecord" width="130"/>
							<tablecol dataattribute="tax1" id="15790836447408" width="130"/>
							<tablecol filterable="false" id="15790836447556" mxevent="toggledeleterow" mxevent_desc="行を削除対象にマーク" mxevent_icon="btn_garbage.gif" sortable="false" type="event"/>
						</tablebody>
						<tabledetails id="15790836447557">
							<section id="15790836447558" label="明細項目" sigoptiondatasrc="mainrecord">
								<sectionrow id="15790836447559">
									<sectioncol id="157908364475510">
										<section id="1579083644772">
											<textbox dataattribute="polinenum" id="15790836447722" sizeintable="7"/>
											<combobox dataattribute="linetype" id="15790836447723" inputmode="readonly"/>
											<multiparttextbox dataattribute="itemnum" defaultfocus="true" descdataattribute="description" desclookup="none" id="15790836447724" lookup="item" menutype="normal"/>
											<textbox dataattribute="EX_REMARKS" id="15790836447727"/>
										</section>
									</sectioncol>
									<sectioncol id="15790836447728">
										<section id="15790836447729">
											<textbox dataattribute="reqdeliverydate" id="1579083644787" label="納入希望日" lookup="datelookup"/>
											<textbox dataattribute="vendeliverydate" id="15790836447872" lookup="datelookup"/>
											<textbox dataattribute="EX_DELIVERYPOINT" id="1603335029357"/>
										</section>
									</sectioncol>
								</sectionrow>
							</section>
							<section id="15790836447874" sigoptiondatasrc="mainrecord">
								<sectionrow id="15790836447875">
									<sectioncol id="15790836447876">
										<section id="15790836447877" label="数量とコスト">
											<sectionrow id="15790836447878">
												<sectioncol id="15790836447879">
													<section id="1579083644803">
														<textbox dataattribute="orderqty" id="15790836448032" label="必要数量" size="14" synchronous="true"/>
														<textbox dataattribute="orderunit" id="15790836448033" lookup="measureunit"/>
														<textbox dataattribute="unitcost" id="15790836448034" inputmode="required" size="14" synchronous="true"/>
														<textbox dataattribute="linecost" id="15790836448035" inputmode="readonly" size="14"/>
													</section>
												</sectioncol>
												<sectioncol id="15790836448036">
													<section id="15790836448037">
														<checkbox dataattribute="taxexempt" id="15790836448038"/>
														<textbox dataattribute="tax1code" id="15790836448039" lookup="taxcode"/>
														<textbox dataattribute="tax1" id="1579083644818" size="14"/>
														<textbox dataattribute="loadedcost" id="15790836448182" size="14"/>
													</section>
												</sectioncol>
												<sectioncol id="15790836448183">
													<section id="15790836448184">
														<textbox dataattribute="contractrefnum" id="15790836448185" inputmode="readonly" label="契約"/>
														<textbox dataattribute="contractref.contracttype" id="15790836448186" inputmode="readonly"/>
														<textbox dataattribute="contractrefrev" id="15790836448187"/>
													</section>
												</sectioncol>
											</sectionrow>
										</section>
									</sectioncol>
									<sectioncol id="15790836448188">
										<section id="15790836448189" label="請求対象">
											<multiparttextbox applink="STOREROOM" dataattribute="STORELOC" descdataattribute="EX_LOCATIONS01.DESCRIPTION" descinputmode="readonly" desclookup="NONE" id="157908364481810" lookup="STOREROOM" menutype="NORMAL"/>
											<multiparttextbox applink="EX_WOTR" dataattribute="WONUM" descdataattribute="WORKORDER.description" descinputmode="readonly" desclookup="NONE" id="15790836448352" lookup="WORKORDER" menutype="normal"/>
											<multiparttextbox applink="EX_LOC" dataattribute="location" descdataattribute="EX_LOCATIONS02.description" descinputmode="readonly" desclookup="none" id="15790836448354" lookup="EX_LOCATIONS" menutype="normal"/>
											<multiparttextbox applink="EX_ASSET" dataattribute="ASSETNUm" descdataattribute="ASSET.description" descinputmode="readonly" desclookup="none" id="15790836448355" label="機器" lookup="ASSET" menutype="normal"/>
										</section>
									</sectioncol>
								</sectionrow>
							</section>
							<section id="15790836448356" sigoptiondatasrc="mainrecord">
								<sectionrow id="15790836448357">
									<sectioncol id="15790836448358">
										<section id="15790836448359" label="関連するレコード">
											<multiparttextbox applink="VIEWDR" dataattribute="MRNUM" descdataattribute="MR.description" descinputmode="readonly" desclookup="none" id="1579083644850" menutype="NORMAL"/>
											<textbox dataattribute="mrlinenum" id="15790836448502"/>
											<multiparttextbox applink="EX_PR" dataattribute="PRNUM" descdataattribute="EX_PR01.description" descinputmode="readonly" desclookup="none" id="15790836448505" menutype="normal"/>
											<textbox dataattribute="prlinenum" id="15790836448506"/>
										</section>
									</sectioncol>
									<sectioncol id="15790836448507">
										<section id="15790836448508" label="受領">
											<sectionrow id="15790836448509">
												<sectioncol id="1579083644865">
													<section id="15790836448652">
														<checkbox dataattribute="receiptscomplete" id="15790836448653"/>
														<textbox dataattribute="receivedqty" id="15790836448654" size="14"/>
														<textbox dataattribute="receivedunitcost" id="15790836448655" size="14"/>
														<textbox dataattribute="receivedtotalcost" id="15790836448656" size="14"/>
													</section>
												</sectioncol>
											</sectionrow>
										</section>
									</sectioncol>
								</sectionrow>
							</section>
							<section id="15790836448657" sigoptiondatasrc="mainrecord">
								<sectionrow id="15790836448658">
									<sectioncol id="15790836448659">
										<section id="1579083644880" label="納期の詳細">
											<sectionrow id="15790836448802">
												<sectioncol id="15790836448803">
													<section id="15790836448804">
														<multiparttextbox dataattribute="ENTERBY" descdataattribute="EX_PERSON01.displayname" descinputmode="readonly" desclookup="none" id="15790836448805" inputmode="readonly"/>
														<textbox dataattribute="enterdate" id="15790836448806" lookup="datelookup"/>
														<multiparttextbox dataattribute="REQUESTEDBY" descdataattribute="PERSON.displayname" descinputmode="readonly" desclookup="none" id="15790836448807" lookup="PERSON"/>
													</section>
												</sectioncol>
											</sectionrow>
										</section>
									</sectioncol>
								</sectionrow>
							</section>
						</tabledetails>
						<buttongroup id="1579083644896" sigoptiondatasrc="mainrecord">
							<pushbutton id="15790836448962" label="販売元部品" mxevent="venitems"/>
							<pushbutton id="15790836448963" label="契約項目" mxevent="contractitems"/>
							<pushbutton id="15790836448964" label="契約の表示" mxevent="viewagreements"/>
							<pushbutton default="true" id="15790836448965" label="新規行" mxevent="addrow"/>
						</buttongroup>
					</table>
				</tab>
			</tabgroup>
		</clientarea>
		<include controltoclone="pageFooter" id="INCLUDE-pageFooter"/>
	</page>

	<dialog id="viewrelrec" label="関連レコードの表示">
		<tabgroup id="viewrelrec_tabs">
			<tab default="true" id="view_related_pr_tab" label="購買要求書">
				<table id="view_related_pr_tab_table" label="購買要求書" relationship="PRLINE">
					<tablebody displayrowsperpage="10" filterable="true" id="view_related_pr_tab_table_main">
						<tablecol dataattribute="polinenum" id="view_related_pr_tab_table_tablebody_1" inputmode="readonly"/>
						<tablecol dataattribute="prnum" id="view_related_pr_tab_table_tablebody_3" sortable="true">
							<textbox applink="pr" id="view_related_pr_tab_table_tablebody_31" inputmode="readonly" menutype="normal"/>
						</tablecol>
						<tablecol dataattribute="prlinenum" id="view_related_pr_tab_table_tablebody_9" inputmode="readonly"/>
						<tablecol dataattribute="description" id="view_related_pr_tab_table_tablebody_11a" inputmode="readonly"/>
						<tablecol dataattribute="pr.status" id="view_related_pr_tab_table_tablebody_11" inputmode="readonly"/>
						<tablecol dataattribute="siteid" id="view_related_pr_tab_table_tablebody_5" inputmode="readonly"/>
						<tablecol dataattribute="REQUESTEDBY" id="view_related_pr_tab_table_tablebody_10" inputmode="readonly"/>
					</tablebody>
				</table>
			</tab>
			<tab id="view_related_rfq_tab" label="見積要求">
				<table id="view_related_rfq_tab_table" label="見積要求" relationship="RFQLINE">
					<tablebody displayrowsperpage="10" filterable="true" id="view_related_rfq_tab_table_main">
						<tablecol dataattribute="polinenum" id="view_related_rfq_tab_table_tablebody_1" inputmode="readonly"/>
						<tablecol dataattribute="rfqnum" id="view_related_rfq_tab_table_tablebody_3" sortable="true">
							<textbox applink="rfq" id="view_related_rfq_tab_table_tablebody_31" inputmode="readonly" menutype="normal"/>
						</tablecol>
						<tablecol dataattribute="rfqlinenum" id="view_related_rfq_tab_table_tablebody_9"/>
						<tablecol dataattribute="rfq.description" id="view_related_rfq_tab_table_tablebody_11a" inputmode="readonly"/>
						<tablecol dataattribute="rfq.status" id="view_related_rfq_tab_table_tablebody_11" inputmode="readonly"/>
						<tablecol dataattribute="siteid" id="view_related_rfq_tab_table_tablebody_5" inputmode="readonly"/>
						<tablecol dataattribute="vendor" id="view_related_rfq_tab_table_tablebody_5a" inputmode="readonly"/>
						<tablecol dataattribute="requestedby" id="view_related_rfq_tab_table_tablebody_10" inputmode="readonly"/>
					</tablebody>
				</table>
			</tab>
			<tab id="view_related_receipts_tab" label="資材受領">
				<table id="view_related_receipts_tab_table" label="資材受領" relationship="MATRECTRANS">
					<tablebody displayrowsperpage="10" filterable="true" id="view_related_receipts__tab_table_main">
						<tablecol dataattribute="polinenum" id="view_related_receipts__tab_table_tablebody_1" inputmode="readonly"/>
						<tablecol dataattribute="itemnum" id="view_related_receipts__tab_table_tablebody_30a" inputmode="readonly"/>
						<tablecol dataattribute="poline.description" id="view_related_receipts__tab_table_tablebody_30b" inputmode="readonly"/>
						<tablecol dataattribute="RECEIPTQUANTITY" id="view_related_receipts__tab_table_tablebody_3" inputmode="readonly"/>
						<tablecol dataattribute="RECEIVEDUNIT" id="view_related_receipts__tab_table_tablebody_9" inputmode="readonly"/>
						<tablecol dataattribute="ISSUETYPE" id="view_related_receipts__tab_table_tablebody_11a" inputmode="readonly" label="タイプ"/>
						<tablecol dataattribute="POREV.RECEIPTS" id="view_related_receipts__tab_table_tablebody_11b" inputmode="readonly" label="受領ステータス"/>
						<tablecol dataattribute="status" id="view_related_receipts__tab_table_tablebody_11" inputmode="readonly"/>
						<tablecol dataattribute="siteid" id="view_related_receipts__tab_table_tablebody_5" inputmode="readonly"/>
						<tablecol dataattribute="transdate" id="view_related_receipts__tab_table_tablebody_10" inputmode="readonly"/>
						<tablecol dataattribute="linecost" id="view_related_receipts__tab_table_tablebody_101" inputmode="readonly"/>
						<tablecol dataattribute="GLDEBITACCT" id="view_related_receipts__tab_table_tablebody_10a" inputmode="readonly"/>
						<tablecol dataattribute="GLCREDITACCT" id="view_related_receipts__tab_table_tablebody_10b" inputmode="readonly"/>
						<tablecol dataattribute="enterby" id="view_related_receipts__tab_table_tablebody_10d" inputmode="readonly"/>
					</tablebody>
				</table>
			</tab>
			<tab id="view_related_receipts1_tab" label="サービス受領">
				<table id="view_related_receipts1_tab_table" label="サービス受領" relationship="SERVRECTRANS">
					<tablebody displayrowsperpage="10" filterable="true" id="view_related_receipts1__tab_table_main">
						<tablecol dataattribute="polinenum" id="view_related_receipts1__tab_table_tablebody_1" inputmode="readonly"/>
						<tablecol dataattribute="itemnum" id="view_related_receipts1__tab_table_tablebody_30a" inputmode="readonly"/>
						<tablecol dataattribute="poline.description" id="view_related_receipts1__tab_table_tablebody_30b" inputmode="readonly"/>
						<tablecol dataattribute="QTYTORECEIVE" id="view_related_receipts1__tab_table_tablebody_3" inputmode="readonly"/>
						<tablecol dataattribute="ISSUETYPE" id="view_related_receipts1__tab_table_tablebody_11a" inputmode="readonly" label="タイプ"/>
						<tablecol dataattribute="POREV.RECEIPTS" id="view_related_receipts1__tab_table_tablebody_11b" inputmode="readonly" label="受領ステータス"/>
						<tablecol dataattribute="status" id="view_related_receipts1__tab_table_tablebody_11" inputmode="readonly"/>
						<tablecol dataattribute="siteid" id="view_related_receipts1__tab_table_tablebody_5" inputmode="readonly"/>
						<tablecol dataattribute="transdate" id="view_related_receipts1__tab_table_tablebody_10" inputmode="readonly"/>
						<tablecol dataattribute="linecost" id="view_related_receipts1__tab_table_tablebody_101" inputmode="readonly"/>
						<tablecol dataattribute="GLDEBITACCT" id="view_related_receipts1__tab_table_tablebody_10a" inputmode="readonly"/>
						<tablecol dataattribute="GLCREDITACCT" id="view_related_receipts1__tab_table_tablebody_10b" inputmode="readonly"/>
						<tablecol dataattribute="enterby" id="view_related_receipts1__tab_table_tablebody_10d" inputmode="readonly" label="入力者"/>
					</tablebody>
				</table>
			</tab>
			<tab id="view_related_inv_tab" label="請求書">
				<table id="view_related_inv_tab_table" label="請求書" relationship="INVOICELINE">
					<tablebody displayrowsperpage="10" filterable="true" id="view_related_inv_tab_table_main">
						<tablecol dataattribute="polinenum" id="view_related_inv_tab_table_tablebody_30" inputmode="readonly"/>
						<tablecol dataattribute="invoicenum" id="view_related_inv_tab_table_tablebody_3" sortable="true">
							<textbox applink="invoice" id="view_related_inv_tab_table_tablebody_31" inputmode="readonly" menutype="normal"/>
						</tablecol>
						<tablecol dataattribute="invoicelinenum" id="view_related_inv_tab_table_tablebody_9" inputmode="readonly"/>
						<tablecol dataattribute="invoice.documenttype" id="view_related_inv_tab_table_tablebody_11a" inputmode="readonly"/>
						<tablecol dataattribute="invoice.glpostdate" id="view_related_inv_tab_table_tablebody_11b" inputmode="readonly"/>
						<tablecol dataattribute="invoice.status" id="view_related_inv_tab_table_tablebody_11b1" inputmode="readonly"/>
						<tablecol dataattribute="siteid" id="view_related_inv_tab_table_tablebody_102" inputmode="readonly"/>
						<tablecol dataattribute="vendor" id="view_related_inv_tab_table_tablebody_11c" inputmode="readonly"/>
						<tablecol dataattribute="invoiceqty" id="view_related_inv_tab_table_tablebody_11" inputmode="readonly"/>
						<tablecol dataattribute="unitcost" id="view_related_inv_tab_table_tablebody_102b" inputmode="readonly"/>
						<tablecol dataattribute="tax1" id="view_related_inv_tab_table_tablebody_5" inputmode="readonly"/>
						<tablecol dataattribute="linecost" id="view_related_inv_tab_table_tablebody_101" inputmode="readonly"/>
					</tablebody>
				</table>
			</tab>
			<tab id="view_related_invoicetrans_tab" label="請求書トランザクション">
				<table id="view_related_invoicetr_tab_table" label="請求書トランザクション" relationship="INVOICETRANS">
					<tablebody displayrowsperpage="10" filterable="true" id="view_related_invoicetr__tab_table_main">
						<tablecol dataattribute="invoicenum" id="view_related_invoicetr__tab_table_tablebody_3" inputmode="readonly"/>
						<tablecol dataattribute="invoicelinenum" id="view_related_invoicetr__tab_table_tablebody_9" inputmode="readonly"/>
						<tablecol dataattribute="invoice.documenttype" id="view_related_invoicetr__tab_table_tablebody_11a" inputmode="readonly"/>
						<tablecol dataattribute="actualdate" id="view_related_invoicetr__tab_table_tablebody_11b" inputmode="readonly"/>
						<tablecol dataattribute="siteid" id="view_related_invoicetr__tab_table_tablebody_5" inputmode="readonly"/>
						<tablecol dataattribute="vendor" id="view_related_invoicetr__tab_table_tablebody_11" inputmode="readonly"/>
						<tablecol dataattribute="transtype" id="view_related_invoicetr__tab_table_tablebody_10" inputmode="readonly"/>
						<tablecol dataattribute="linecost" id="view_related_invoicetr__tab_table_tablebody_10b" inputmode="readonly"/>
						<tablecol dataattribute="gldebitacct" id="view_related_invoicetr__tab_table_tablebody_10c" inputmode="readonly"/>
						<tablecol dataattribute="glcreditacct" id="view_related_invoicetr__tab_table_tablebody_10d" inputmode="readonly"/>
					</tablebody>
				</table>
			</tab>
			<tab id="view_related_cnt_tab" label="契約の参照">
				<table id="view_related_cnt_tab_table" label="契約" relationship="CONTRACTREFLINE">
					<tablebody displayrowsperpage="10" filterable="true" id="view_related_cnt_tab_table_main">
						<tablecol dataattribute="contractnum" id="view_related_cnt_tab_table_tablebody_3" sortable="true">
							<textbox applink="contpurch" id="view_related_cnt_tab_table_tablebody_31" inputmode="readonly" menutype="normal"/>
						</tablecol>
						<tablecol dataattribute="contractlinenum" id="view_related_cnt_tab_table_tablebody_9" inputmode="readonly"/>
						<tablecol dataattribute="contract.revisionnum" id="view_related_icnt_tab_table_tablebody_11a" inputmode="readonly"/>
						<tablecol dataattribute="contract.contracttype" id="view_related_cnt_tab_table_tablebody_11" inputmode="readonly"/>
						<tablecol dataattribute="orderqty" id="view_related_cnt_tab_table_tablebody_5" inputmode="readonly"/>
						<tablecol dataattribute="orderunit" id="view_related_cntv_tab_table_tablebody_10" inputmode="readonly"/>
						<tablecol dataattribute="unitcost" id="view_related_cnt_tab_table_tablebody_51" inputmode="readonly"/>
						<tablecol dataattribute="linecost" id="view_related_cnt_tab_table_tablebody_101" inputmode="readonly"/>
					</tablebody>
				</table>
			</tab>
		</tabgroup>
		<buttongroup id="viewRelRec_btn">
			<pushbutton default="true" id="viewRelRec_btnOK" label="OK" mxevent="dialogclose"/>
		</buttongroup>
	</dialog>

	<dialog beanclass="psdi.webclient.system.beans.QbeBean" id="searchmore" inputmode="query" label="検索条件の入力">
		<section id="qbe_grid2">
			<sectionrow id="qbe_grid2_1">
				<sectioncol id="qbe_grid2_1_1">
					<section id="qbe_grid2_1_1_grid3">
						<multiparttextbox dataattribute="ponum" descdataattribute="description" descinputmode="query" id="qbe_grid2_1_1_grid3_1" inputmode="query"/>
						<textbox dataattribute="EX_REQUESTEDBY" id="1576225022226" inputmode="query" lookup="PERSON"/>
						<textbox dataattribute="EX_PURCHASEDIV" id="1576224948822" inputmode="query" lookup="VALUELIST"/>
						<textbox dataattribute="EX_DELIVERYPOINT" id="1604975259182"/>
						<multiparttextbox dataattribute="VENDOR" descdataattribute="PO_VENDOR.NAME" descinputmode="query" desclookup="NONE" id="1576225155758" inputmode="query" label="販売元" lookup="COMPANIES"/>
						<textbox dataattribute="TOTALCOST" id="1580976694522" inputmode="query"/>
					</section>
				</sectioncol>
				<sectioncol id="qbe_grid2_1_2">
					<section id="qbe_grid2_1_2_grid3_sec1">
						<textbox dataattribute="status" id="qbe_grid2_1_1_grid3_3" inputmode="query" lookup="valuelist"/>
						<textbox dataattribute="siteid" id="qbe_grid2_1_1_grid3_4" inputmode="query" lookup="site"/>
						<textbox dataattribute="historyflag" id="qbe_grid2_1_1_grid3_13" inputmode="query"/>
					</section>
				</sectioncol>
			</sectionrow>
		</section>
		<section id="qbe_grid888" label="明細の詳細">
			<sectionrow id="qbe_grid2_2">
				<sectioncol id="qbe_grid2_2_col1">
					<section id="qbe_grid2_2_col1_sec1">
						<multiparttextbox dataattribute="POLINE.ITEMNUM" descdataattribute="POLINE.DESCRIPTION" descinputmode="query" desclookup="NONE" id="1576225220212" inputmode="query" lookup="ITEM"/>
					</section>
				</sectioncol>
				<sectioncol id="qbe_grid2_2_col2">
					<section id="qbe_grid2_1_2_grid6_row2_col2_sec1">
						<textbox dataattribute="poline.refwo" id="qbe_grid2_1_1_grid6_7" inputmode="query" lookup="workorder"/>
					</section>
				</sectioncol>
				<sectioncol id="qbe_grid2_2_col3"/>
			</sectionrow>
		</section>
		<section id="qbe_date_s1" label="日付">
			<sectionrow id="qbe_date_r1">
				<sectioncol id="qbe_date_r1_c1">
					<section id="qbe_date_r1_c1_s1">
						<sectionrow id="qbe_date_s1_r1">
							<sectioncol id="qbe_date_s1_r1_c1">
								<section id="qbe_date_s1_r1_c1_s1">
									<statictext align="center" id="qbe_date_s1_r1_c1_s1_st1"/>
								</section>
							</sectioncol>
							<sectioncol id="qbe_date_s1_r1_c2">
								<section id="qbe_date_s1_r1_c2_s1">
									<statictext align="center" id="qbe_date_s1_r1_c2_s1_st1" label="開始日"/>
								</section>
							</sectioncol>
							<sectioncol id="qbe_date_s1_r1_c3">
								<section id="qbe_date_s1_r1_c3_s1">
									<statictext align="center" id="qbe_date_s1_r1_c3_s1_st1" label="終了日"/>
								</section>
							</sectioncol>
						</sectionrow>
						<sectionrow id="qbe_date_s1_r3">
							<sectioncol id="qbe_date_s1_r3_c1">
								<section id="qbe_date_s1_r3_c1_s1">
									<statictext align="right" id="1576225387977" label="発注日"/>
								</section>
							</sectioncol>
							<sectioncol id="qbe_date_s1_r3_c2">
								<section id="qbe_date_s1_r3_c2_s1">
									<textbox dataattribute="ORDERDATE" hidelabel="true" id="qbe_grid2_1_1_grid7_8" inputmode="query" lookup="datelookup" prepend="&gt;="/>
								</section>
							</sectioncol>
							<sectioncol id="qbe_date_s1_r3_c3">
								<section id="qbe_date_s1_r3_c3_s1">
									<textbox dataattribute="ORDERDATE" hidelabel="true" id="qbe_grid2_1_1_grid7_7" inputmode="query" lookup="datelookup" prepend="&lt;="/>
								</section>
							</sectioncol>
						</sectionrow>
						<sectionrow id="qbe_date_s1_r2">
							<sectioncol id="qbe_date_s1_r2_c1">
								<section id="qbe_date_s1_r2_c1_s1">
									<statictext align="right" id="qbe_date_s1_r2_c1_s1_t1" label="納入希望日"/>
								</section>
							</sectioncol>
							<sectioncol id="qbe_date_s1_r2_c2">
								<section id="qbe_date_s1_r2_c2_s1">
									<textbox dataattribute="REQUIREDDATE" hidelabel="true" id="qbe_grid2_1_1_grid7_4" inputmode="query" lookup="datelookup" prepend="&gt;="/>
								</section>
							</sectioncol>
							<sectioncol id="qbe_date_s1_r2_c3">
								<section id="qbe_date_s1_r2_c3_s1">
									<textbox dataattribute="REQUIREDDATE" hidelabel="true" id="qbe_grid2_1_1_grid7_3" inputmode="query" lookup="datelookup" prepend="&lt;="/>
								</section>
							</sectioncol>
						</sectionrow>
						<sectionrow id="1576225362820">
							<sectioncol id="1576225368254">
								<section id="1576225369664">
									<statictext align="right" id="qbe_date_s1_r3_c1_s1_t1" label="納入予定日"/>
								</section>
							</sectioncol>
							<sectioncol id="1576225366915">
								<section id="1576225371588">
									<textbox dataattribute="VENDELIVERYDATE" hidelabel="true" id="1576225525623" inputmode="query" lookup="datelookup" prepend="&gt;="/>
								</section>
							</sectioncol>
							<sectioncol id="15762253628202">
								<section id="1576225373582">
									<textbox dataattribute="VENDELIVERYDATE" hidelabel="true" id="1576225545571" inputmode="query" lookup="datelookup" prepend="&lt;="/>
								</section>
							</sectioncol>
						</sectionrow>
					</section>
				</sectioncol>
				<sectioncol id="qbe_date_r1_c2">
					<section id="qbe_date_r1_c2_s1">
						<blankline id="qbe_blkline"/>
					</section>
				</sectioncol>
			</sectionrow>
		</section>
		<buttongroup id="qbe_grid5_1_1_grid6">
			<pushbutton default="true" id="qbe_grid5_1_1_grid6_1" label="検索" mxevent="dialogok"/>
			<pushbutton id="qbe_restoreappdefault_button" label="検索条件のクリア" mxevent="qbeclear"/>
			<pushbutton id="qbe_revisebutton" label="改訂" menutype="SEARCHMOREREVISE" targetid="searchmore"/>
			<pushbutton id="qbe_grid5_1_1_grid6_3" label="キャンセル" mxevent="qbecancel"/>
		</buttongroup>
	</dialog>

	<dialog id="viewpr" label="購買要求書明細項目の表示" relationship="PRLINES">
		<table id="viewpr_viewprlines_table" label="購買要求書明細項目" width="800">
			<tablebody displayrowsperpage="20" filterable="true" filterexpanded="true" id="viewpr_viewprlines_table_tablebody">
				<tablecol dataattribute="polinenum" id="viewpr_viewprlines_table_tablebody_1" sortable="true"/>
				<tablecol dataattribute="prnum" id="viewpr_viewprlines_table_tablebody_2" sortable="true"/>
				<tablecol dataattribute="prlinenum" id="viewpr_viewprlines_table_tablebody_3" label="購買要求書明細" sortable="true"/>
				<tablecol dataattribute="itemnum" id="viewpr_viewprlines_table_tablebody_4" sortable="true"/>
				<tablecol dataattribute="description" id="viewpr_viewprlines_table_tablebody_5" sortable="true"/>
				<tablecol dataattribute="orderqty" id="viewpr_viewprlines_table_tablebody_6" sortable="true"/>
				<tablecol dataattribute="orderunit" id="viewpr_viewprlines_table_tablebody_7" sortable="true"/>
				<tablecol dataattribute="conversion" id="viewpr_viewprlines_table_tablebody_8" sortable="true"/>
				<tablecol dataattribute="unitcost" id="viewpr_viewprlines_table_tablebody_9" sortable="true"/>
				<tablecol dataattribute="linecost" id="viewpr_viewprlines_table_tablebody_10" sortable="true"/>
				<tablecol dataattribute="reqdeliverydate" id="viewpr_viewprlines_table_tablebody_11"/>
			</tablebody>
		</table>
		<buttongroup id="viewpr_2">
			<pushbutton default="true" id="viewpr_2_1" label="OK" mxevent="dialogcancel"/>
		</buttongroup>
	</dialog>

	<dialog id="viewblk" label="一括注文書の表示">
		<section id="viewblk_grid3" label="このページには、現在の一括契約に対して分配されたコストが表示されます。">
			<sectionrow id="viewblk_grid3_1">
				<sectioncol id="viewblk_grid3_1_1">
					<statictext id="viewblk_grid3_1_1_1" label="開始有効日:"/>
					<statictext id="viewblk_grid3_1_1_2" label="&lt;%=rec.getStartDate()%&gt;"/>
					<statictext id="viewblk_grid3_1_1_3" label="最終日:"/>
					<statictext id="viewblk_grid3_1_1_4" label="&lt;%=rec.getEndDate()%&gt;"/>
					<statictext id="viewblk_grid3_1_1_5" label="合計コスト:"/>
					<statictext id="viewblk_grid3_1_1_6" label="&lt;%= rec.getTotalCost()%&gt;"/>
					<statictext id="viewblk_grid3_1_1_7" label="発注済コスト:"/>
					<statictext id="viewblk_grid3_1_1_8" label="&lt;%= \&quot;\&quot; + (MXFormat.doubleToString(po.getCommitedCost(),2, ms.getLocale()))%&gt;"/>
					<statictext id="viewblk_grid3_1_1_9" label="発注済リリース:"/>
					<statictext id="viewblk_grid3_1_1_10" label="&lt;%= po.getCommitedReleases()%&gt;"/>
					<statictext id="viewblk_grid3_1_1_11" label="未発注コスト:"/>
					<statictext id="viewblk_grid3_1_1_12" label="&lt;%=  \&quot;\&quot; + (MXFormat.doubleToString(po.getUnCommitedCost(),2, ms.getLocale()))%&gt;"/>
					<statictext id="viewblk_grid3_1_1_13" label="未発注リリース:"/>
					<statictext id="viewblk_grid3_1_1_14" label="&lt;%= po.getUnCommitedReleases()%&gt;"/>
					<statictext id="viewblk_grid3_1_1_15" label="残余金額:"/>
					<statictext id="viewblk_grid3_1_1_16" label="&lt;%=  \&quot;\&quot; + (MXFormat.doubleToString(po.getAmountRemaining(),2, ms.getLocale()))%&gt;"/>
				</sectioncol>
			</sectionrow>
		</section>
		<buttongroup id="viewblk_2">
			<pushbutton default="true" id="viewblk_2_1" label="OK" mxevent="dialogclose"/>
		</buttongroup>
	</dialog>

	<dialog id="createcont" label="契約の作成" relationship="CREATECONTRACT">
		<helpgrid id="createcont_help" innerhtml="契約番号を入力するか、「自動ナンバリング」をクリックして契約番号を生成します。「OK」をクリックすると契約を作成します。"/>
		<section border="true" id="createcont_grid1a_1_1_grid1">
			<multiparttextbox dataattribute="contractnum" descdataattribute="description" id="createcont_grid1a_1_1_grid1_1"/>
			<combobox dataattribute="contracttype" id="createcont_grid1a_1_1_grid1_3"/>
		</section>
		<buttongroup id="createcont_2">
			<pushbutton id="createcont_createcont_table_1_1" label="自動ナンバリング" mxevent="setContractAutoKey"/>
			<pushbutton default="true" id="createcont_2_1" label="OK" mxevent="dialogok"/>
			<pushbutton id="createcont_2_2" label="キャンセル" mxevent="dialogcancel"/>
		</buttongroup>
	</dialog>

	<dialog id="invlines" label="請求書明細の表示" relationship="INVOICELINE">
		<table id="invlines_invoicelines" label="請求書明細">
			<tablebody displayrowsperpage="20" filterable="true" filterexpanded="true" id="invlines_invoicelines_tablebody">
				<tablecol dataattribute="polinenum" id="invlines_invoicelines_tablebody_1"/>
				<tablecol applink="invoice" applinkkey="invoicenum" dataattribute="invoicenum" id="invlines_invoicelines_tablebody_2" menutype="hyperlink" sortable="true"/>
				<tablecol dataattribute="invoicelinenum" id="invlines_invoicelines_tablebody_3" label="請求書明細"/>
				<tablecol dataattribute="invoice.documenttype" id="invlines_invoicelines_tablebody_4" showfilterfield="true" sortable="false"/>
				<tablecol dataattribute="vendor" id="invlines_invoicelines_tablebody_5"/>
				<tablecol dataattribute="qtyforui" id="invlines_invoicelines_tablebody_6" sortable="false"/>
				<tablecol dataattribute="invoiceunit" id="invlines_invoicelines_tablebody_7"/>
				<tablecol dataattribute="conversion" id="invlines_invoicelines_tablebody_8"/>
				<tablecol dataattribute="unitcost" id="invlines_invoicelines_tablebody_9"/>
				<tablecol dataattribute="linecostforui" id="invlines_invoicelines_tablebody_10" sortable="false"/>
			</tablebody>
		</table>
		<buttongroup id="invlines_2">
			<pushbutton default="true" id="invlines_2_1" label="OK" mxevent="dialogcancel"/>
		</buttongroup>
	</dialog>

	<dialog beanclass="psdi.webclient.beans.po.CreateChgOrderBean" id="createchg" label="変更注文書の作成" relationship="POFROMPRINPUT">
		<helpgrid id="createpo_help" innerhtml="注文書番号を入力するか、「自動ナンバリング」をクリックして番号を生成します。「OK」をクリックして、変更注文書を作成します。"/>
		<section id="createpo_grid1a_1_1_grid1">
			<multiparttextbox dataattribute="ponum" descdataattribute="description" id="createpo_grid1a_1_1_grid1_1"/>
		</section>
		<buttongroup id="createpo_2">
			<pushbutton id="createpo_2_1" label="自動ナンバリング" mxevent="setPOAutoKey"/>
			<pushbutton default="true" id="createpo_2_2" label="OK" mxevent="dialogok"/>
			<pushbutton id="createpo_2_3" label="キャンセル" mxevent="dialogcancel"/>
		</buttongroup>
	</dialog>

	<dialog beanclass="psdi.webclient.beans.po.RevisePOBean" id="revpo" label="注文書の改訂" relationship="POREVISIONINPUT">
		<section id="revpo_grid_s1">
			<multiparttextbox dataattribute="ponum" descdataattribute="revdescription" desclookup="longdesc" id="revpo_grid_s1_1"/>
			<textbox dataattribute="revisionnum" id="revpo_grid_s1_2"/>
			<checkbox dataattribute="internalchange" id="revpo_grid_s1_3"/>
			<checkbox dataattribute="allowreceipt" id="revpo_grid_s1_4"/>
		</section>
		<buttongroup id="revpo_2">
			<pushbutton default="true" id="revpo_2_1" label="OK" mxevent="dialogok"/>
			<pushbutton id="revpo_2_2" label="キャンセル" mxevent="dialogcancel"/>
		</buttongroup>
	</dialog>

	<dialog beanclass="psdi.webclient.system.beans.ViewBookmarksBean" id="searchbook" label="ブックマーク" mboname="PO">
		<table id="bookmarks_table" inputmode="readonly" label="注文書" selectmode="single">
			<tablebody displayrowsperpage="20" filterable="true" id="bookmarks_table_tablebody">
				<tablecol dataattribute="ponum" id="bookmarks_tablebody_1" mxevent="selectrecord" type="link"/>
				<tablecol dataattribute="description" id="bookmarks_table_tablebody_2"/>
				<tablecol filterable="false" id="bookmarks_table_tablebody_delete" mxevent="instantdelete" mxevent_desc="削除" mxevent_icon="btn_delete.gif" sortable="false" type="event"/>
			</tablebody>
		</table>
		<buttongroup id="bookmarks_2">
			<pushbutton default="true" id="bookmarks_2_1" label="OK" mxevent="dialogok"/>
		</buttongroup>
	</dialog>

	<dialog beanclass="psdi.webclient.beans.po.POChangeStatusBean" id="list_status" label="ステータスの変更" relationship="POCHANGESTATUS" savemode="ONUNLOAD">
		<section id="list_changestatus_grid1">
			<sectionrow id="list_changestatus_grid1_1">
				<sectioncol id="list_changestatus_grid1_1_1">
					<section id="list_changestatus_grid1_1_1_grid4">
						<combobox dataattribute="status" id="list_changestatus_grid1_1_1_grid4_1"/>
						<textbox dataattribute="statdate" id="list_changestatus_grid1_1_1_grid4_2" lookup="datelookup"/>
						<textbox dataattribute="Memo" id="list_changestatus_grid1_1_1_grid4_3" sigoption="MEMOBELOWSTATUS"/>
					</section>
				</sectioncol>
			</sectionrow>
		</section>
		<buttongroup id="list_changestatus_2">
			<pushbutton default="true" id="list_changestatus_2_1" label="OK" mxevent="dolongop"/>
			<pushbutton id="list_changestatus_2_2" label="キャンセル" mxevent="dialogcancel"/>
		</buttongroup>
	</dialog>

	<dialog beanclass="psdi.webclient.beans.po.SetPrimaryBean" id="setprimary" label="主要設定" parentdatasrc="viewvendor_grid1_1_1_ViewVendorTable" relationship="INVENTORYVENDOR">
		<helpgrid id="setprimary_help" innerhtml="表示された部品を注文する際に、表示された販売元が使用する保管場所を選択します。"/>
		<section border="true" height="400" id="setprimary_grid1a">
			<sectionrow id="setprimary_grid1a_1">
				<sectioncol id="setprimary_grid1a_1_1">
					<section border="true" datasrc="viewvendor_grid1_1_1_ViewVendorTable" id="setprimary_grid1a_1_1_grid1">
						<textbox dataattribute="itemnum" id="setprimary_grid1a_1_1_grid1_1" inputmode="readonly"/>
						<textbox dataattribute="item.description" id="setprimary_grid1a_1_1_grid1_2" inputmode="readonly" longdescreadonly="true" lookup="longdesc" title="Item Description"/>
						<textbox dataattribute="vendor" id="setprimary_grid1a_1_1_grid1_3" inputmode="readonly"/>
						<textbox dataattribute="vendor.name" id="setprimary_grid1a_1_1_grid1_4" inputmode="readonly" longdescreadonly="true" lookup="longdesc" title="Vendor Description"/>
					</section>
					<table id="setprimary_grid1a_1_1_SetPrimaryTable" selectmode="multiple">
						<tablebody displayrowsperpage="20" filterable="true" filterexpanded="true" id="setprimary_grid1a_1_1_SetPrimaryTable_tablebody">
							<tablecol filterable="false" id="setprimary_grid1a_1_1_SetPrimaryTable_tablebody_1" mxevent="toggleselectrow" sortable="false" type="event"/>
							<tablecol dataattribute="location" id="setprimary_grid1a_1_1_SetPrimaryTable_tablebody_2" sortable="true"/>
							<tablecol dataattribute="locations.description" id="setprimary_grid1a_1_1_SetPrimaryTable_tablebody_3" showfilterfield="true" sortable="false"/>
							<tablecol dataattribute="vendor" id="setprimary_grid1a_1_1_SetPrimaryTable_tablebody_4" sortable="true"/>
							<tablecol dataattribute="manufacturer" id="setprimary_grid1a_1_1_SetPrimaryTable_tablebody_5" sortable="true"/>
							<tablecol dataattribute="modelnum" id="setprimary_grid1a_1_1_SetPrimaryTable_tablebody_6" sortable="true"/>
							<tablecol dataattribute="catalogcode" id="setprimary_grid1a_1_1_SetPrimaryTable_tablebody_7" sortable="true"/>
						</tablebody>
					</table>
				</sectioncol>
			</sectionrow>
		</section>
		<buttongroup id="setprimary_2">
			<pushbutton default="true" id="setprimary_2_1" label="OK" mxevent="dialogok"/>
			<pushbutton id="setprimary_2_2" label="キャンセル" mxevent="dialogcancel"/>
		</buttongroup>
	</dialog>

	<dialog beanclass="psdi.webclient.beans.po.ViewContractBean" id="viewagreements" label="契約の表示" parentdatasrc="polines_poline_table" relationship="AGREEMENTINPUT">
		<table id="viewagreements_agreements_table" inputmode="readonly" label="契約" rowsperpage="15" width="800">
			<tablebody displayrowsperpage="20" id="viewagreements_agreements_table_tablebody">
				<tablecol dataattribute="contractrefnum" id="viewagreements_agreements_table_tablebody_2" mxevent="selectrecord" mxevent_desc="%1 へ移動" sortable="false" type="link"/>
				<tablecol dataattribute="contracttype" id="viewagreements_agreements_table_tablebody_3" mxevent="selectrecord" mxevent_desc="%1 へ移動" sortable="false" type="link"/>
				<tablecol dataattribute="vendor" id="viewagreements_agreements_table_tablebody_4" mxevent="selectrecord" mxevent_desc="%1 へ移動" sortable="false" type="link"/>
				<tablecol dataattribute="manufacturer" id="viewagreements_agreements_table_tablebody_5" mxevent="selectrecord" mxevent_desc="%1 へ移動" sortable="false" type="link"/>
				<tablecol dataattribute="modelnum" id="viewagreements_agreements_table_tablebody_6" mxevent="selectrecord" mxevent_desc="%1 へ移動" sortable="false" type="link"/>
				<tablecol dataattribute="catalogcode" id="viewagreements_agreements_table_tablebody_7" mxevent="selectrecord" mxevent_desc="%1 へ移動" sortable="false" type="link"/>
				<tablecol dataattribute="orderqty" id="viewagreements_agreements_table_tablebody_8" mxevent="selectrecord" mxevent_desc="%1 へ移動" sortable="false" type="link"/>
				<tablecol dataattribute="orderunit" id="viewagreements_agreements_table_tablebody_9" mxevent="selectrecord" mxevent_desc="%1 へ移動" sortable="false" type="link"/>
				<tablecol dataattribute="unitcost" id="viewagreements_agreements_table_tablebody_10" mxevent="selectrecord" mxevent_desc="%1 へ移動" sortable="false" type="link"/>
			</tablebody>
		</table>
		<buttongroup id="viewagreements_2">
			<pushbutton id="viewagreements_2_2" label="キャンセル" mxevent="dialogcancel"/>
		</buttongroup>
	</dialog>

	<dialog beanclass="psdi.webclient.beans.po.ContractItemBean" id="contractitems" label="契約項目" mboname="CONTRACTLINE">
		<table id="contractitems_contractitems_table" label="契約項目" selectmode="multiple" startrow="0" width="800">
			<tablebody displayrowsperpage="20" filterable="true" filterexpanded="true" id="contract_items_table_tablebody">
				<tablecol filterable="false" id="contract_items_table_tablebody_1" mxevent="toggleselectrow" sortable="false" type="event"/>
				<tablecol dataattribute="contractnum" id="contract_items_table_tablebody_2" sortable="true"/>
				<tablecol dataattribute="itemnum" id="contract_items_table_tablebody_3" sortable="true"/>
				<tablecol dataattribute="description" id="contract_items_table_tablebody_4" sortable="true"/>
				<tablecol dataattribute="commoditygroup" id="contract_items_table_tablebody_5" sortable="true"/>
				<tablecol dataattribute="commodity" id="contract_items_table_tablebody_6" sortable="true"/>
				<tablecol dataattribute="manufacturer" id="contract_items_table_tablebody_7" sortable="true"/>
				<tablecol dataattribute="orderqty" id="contract_items_table_tablebody_8" sortable="true"/>
				<tablecol dataattribute="modelnum" id="contract_items_table_tablebody_9" sortable="true"/>
			</tablebody>
		</table>
		<buttongroup id="contract_items_2">
			<pushbutton default="true" id="contract_items_2_1" label="OK" mxevent="dialogok"/>
			<pushbutton id="contract_items_2_2" label="キャンセル" mxevent="dialogcancel"/>
		</buttongroup>
	</dialog>

	<dialog beanclass="psdi.webclient.beans.po.CompleteReceiptsBean" id="complrecpt" label="受領の完了" relationship="COMPPOLINE">
		<table id="complrecpt_virtualset1" label="注文書明細項目" selectmode="multiple" width="800">
			<tablebody displayrowsperpage="20" filterable="true" filterexpanded="true" id="complrecpt_virtualset1_tablebody">
				<tablecol filterable="false" id="complrecpt_virtualset1_tablebody_1" mxevent="toggleselectrow" sortable="false" type="event"/>
				<tablecol dataattribute="polinenum" id="complrecpt_virtualset1_tablebody_2"/>
				<tablecol dataattribute="itemnum" id="complrecpt_virtualset1_tablebody_3"/>
				<tablecol dataattribute="description" id="complrecpt_virtualset1_tablebody_4"/>
				<tablecol dataattribute="orderqty" id="complrecpt_virtualset1_tablebody_5"/>
				<tablecol dataattribute="receivedqty" id="complrecpt_virtualset1_tablebody_6"/>
				<tablecol dataattribute="unitcost" id="complrecpt_virtualset1_tablebody_7"/>
				<tablecol dataattribute="linecost" id="complrecpt_virtualset1_tablebody_8"/>
			</tablebody>
		</table>
		<buttongroup id="complrecpt_2">
			<pushbutton default="true" id="complrecpt_2_1" label="OK" mxevent="dialogok"/>
			<pushbutton id="complrecpt_2_2" label="キャンセル" mxevent="dialogcancel"/>
		</buttongroup>
	</dialog>

	<dialog id="viewhist" label="履歴の表示">
		<tabgroup id="viewhist_viewhist">
			<tab default="true" id="viewhist_viewhist_history" label="履歴">
				<table id="viewhist_viewhist_history_poStatustbl" label="ステータス履歴" orderby="changedate desc" relationship="POSTATUS" width="960">
					<tablebody displayrowsperpage="5" filterable="true" id="viewhist_viewhist_history_poStatustbl_tablebody">
						<tablecol dataattribute="status" id="viewhist_viewhist_history_poStatustbl_tablebody_1"/>
						<tablecol dataattribute="changedate" id="viewhist_viewhist_history_poStatustbl_tablebody_2"/>
						<tablecol dataattribute="changeby" id="viewhist_viewhist_history_poStatustbl_tablebody_3"/>
						<tablecol dataattribute="memo" id="viewhist_viewhist_history_poStatustbl_tablebody_4"/>
					</tablebody>
				</table>
				<table id="viewhist_viewhist_history_vendorstatuslines" inputmode="readonly" label="販売元ステータス情報" relationship="VENDORSTATUS" width="960">
					<tablebody displayrowsperpage="5" filterable="true" id="viewhist_viewhist_history_vendorstatuslines_tablebody">
						<tablecol dataattribute="statusdate" id="viewhist_viewhist_history_vendorstatuslines_tablebody_1"/>
						<tablecol dataattribute="polinenum" id="viewhist_viewhist_history_vendorstatuslines_tablebody_2"/>
						<tablecol dataattribute="description" id="viewhist_viewhist_history_vendorstatuslines_tablebody_3"/>
						<tablecol dataattribute="status" id="viewhist_viewhist_history_vendorstatuslines_tablebody_4"/>
					</tablebody>
				</table>
				<table id="viewhist_viewhist_history_shiplines" inputmode="readonly" label="事前出荷通知情報" relationship="SHIPMENTLINE" width="960">
					<tablebody displayrowsperpage="5" filterable="true" id="viewhist_viewhist_history_shiplines_tablebody">
						<tablecol dataattribute="shipment.enterdate" id="viewhist_viewhist_history_shiplines_tablebody_1" sortable="false"/>
						<tablecol dataattribute="polinenum" id="viewhist_viewhist_history_shiplines_tablebody_2"/>
						<tablecol dataattribute="itemnum" id="viewhist_viewhist_history_shiplines_tablebody_3" mxevent="itemdetail" type="event"/>
						<tablecol dataattribute="itemdescription" id="viewhist_viewhist_history_shiplines_tablebody_4"/>
						<tablecol dataattribute="shippedqty" id="viewhist_viewhist_history_shiplines_tablebody_5"/>
						<tablecol dataattribute="packingslipnum" id="viewhist_viewhist_history_shiplines_tablebody_6"/>
						<tablecol dataattribute="shipment.shipdate" id="viewhist_viewhist_history_shiplines_tablebody_7" sortable="false"/>
						<tablecol dataattribute="shipment.expreceiptdate" id="viewhist_viewhist_history_shiplines_tablebody_8" sortable="false"/>
					</tablebody>
				</table>
			</tab>
		</tabgroup>
		<buttongroup id="viewhist_2">
			<pushbutton default="true" id="viewhist_2_1" label="OK" mxevent="dialogcancel"/>
		</buttongroup>
	</dialog>

	<dialog beanclass="psdi.webclient.beans.po.PRLineBean" designermboname="PRLINE" id="copyprlnpo" label="購買要求書明細項目を注文書にコピー" relationship="PRLINE">
		<table id="copyprlnpo_polines_table" inputmode="readonly" label="購買要求書明細項目" selectmode="multiple" startrow="0" width="800">
			<tablebody displayrowsperpage="20" filterable="true" filterexpanded="true" id="copyprlnpo_polines_table_tablebody">
				<tablecol filterable="false" id="copyprlnpo_polines_table_tablebody_1" mxevent="toggleselectrow" sortable="false" type="event"/>
				<tablecol applink="pr" dataattribute="prnum" id="copyprlnpo_polines_table_tablebody_2" menutype="normal" sortable="true">
					<textbox dataattribute="prnum" id="copyprlnpo_polines_table_tablebody_2a"/>
				</tablecol>
				<tablecol dataattribute="pr.vendor" id="copyprlnpo_polines_table_tablebody_3" showfilterfield="true" sortable="false"/>
				<tablecol dataattribute="itemnum" id="copyprlnpo_polines_table_tablebody_4" sortable="true"/>
				<tablecol dataattribute="description" id="copyprlnpo_polines_table_tablebody_5" sortable="true"/>
				<tablecol dataattribute="orderqty" id="copyprlnpo_polines_table_tablebody_6" sortable="true"/>
				<tablecol dataattribute="storeloc" id="copyprlnpo_polines_table_tablebody_7" sortable="true"/>
				<tablecol dataattribute="refwo" id="copyprlnpo_polines_table_tablebody_8" sortable="true"/>
				<tablecol dataattribute="commoditygroup" id="copyprlnpo_polines_table_tablebody_9" sortable="true"/>
				<tablecol dataattribute="commodity" id="copyprlnpo_polines_table_tablebody_10" sortable="true"/>
				<tablecol dataattribute="requestedby" id="copyprlnpo_polines_table_tablebody_11" sortable="true"/>
				<tablecol dataattribute="reqdeliverydate" id="copyprlnpo_polines_table_tablebody_12" sortable="true"/>
				<tablecol dataattribute="consignment" id="copyprlnpo_polines_table_tablebody_13" sortable="true"/>
				<tablecol dataattribute="siteid" id="copyprlnpo_polines_table_tablebody_14" sortable="true"/>
			</tablebody>
		</table>
		<buttongroup id="copyprlnpo_2">
			<pushbutton default="true" id="copyprlnpo_2_1" label="OK" mxevent="dialogok"/>
			<pushbutton id="copyprlnpo_2_2" label="キャンセル" mxevent="dialogcancel"/>
		</buttongroup>
	</dialog>

	<dialog beanclass="psdi.webclient.beans.po.POChangeStatusBean" id="status" label="ステータスの変更" relationship="POCHANGESTATUS" savemode="ONLOADUNLOAD">
		<section border="true" datasrc="MAINRECORD" id="changestatus_grid1_1_1_grid3">
			<multiparttextbox dataattribute="ponum" descdataattribute="description" descinputmode="readonly" id="changestatus_grid1_1_1_grid3_1" inputmode="readonly"/>
			<multiparttextbox dataattribute="revisionnum" descdataattribute="revcomments" id="changestatus_grid1_1_1_grid3_3" inputmode="readonly"/>
			<multiparttextbox dataattribute="status" descdataattribute="statusdesc.description" descinputmode="readonly" id="changestatus_grid1_1_1_grid3_5"/>
		</section>
		<section id="changestatus_grid1_1_1_grid4">
			<combobox dataattribute="status" id="changestatus_grid1_1_1_grid4_1"/>
			<textbox dataattribute="statdate" id="changestatus_grid1_1_1_grid4_2" lookup="datelookup"/>
			<textbox dataattribute="memo" id="changestatus_grid1_1_1_grid4_3" sigoption="MEMOBELOWSTATUS"/>
		</section>
		<buttongroup id="changestatus_2">
			<pushbutton default="true" id="changestatus_2_1" label="OK" mxevent="dialogok"/>
			<pushbutton id="changestatus_2_2" label="キャンセル" mxevent="dialogcancel"/>
		</buttongroup>
	</dialog>

	<dialog beanclass="psdi.webclient.beans.po.DistCostsBean" datasrc="polines_poline_table" id="distcosts" label="コストの分配" savemode="ONUNLOAD">
		<helpgrid id="distcosts_help" innerhtml="現在の注文書明細のコストを追加の勘定科目に分配するには「新規行」をクリックします。「OK」をクリックすると、変更した内容を保存して戻ります。"/>
		<section border="true" height="160" id="distcosts_grid1">
			<sectionrow id="distcosts_grid1_1">
				<sectioncol id="distcosts_grid1_1_1">
					<section border="true" id="distcosts_grid1_1_1_grid2">
						<textbox dataattribute="itemnum" id="distcosts_grid1_1_1_grid2_1" inputmode="readonly"/>
						<textbox dataattribute="description" id="distcosts_grid1_1_1_grid2_2" inputmode="readonly" title="Item Description"/>
						<textbox dataattribute="orderqty" id="distcosts_grid1_1_1_grid2_3" inputmode="readonly"/>
						<textbox dataattribute="orderunit" id="distcosts_grid1_1_1_grid2_4" inputmode="readonly"/>
						<textbox dataattribute="conversion" id="distcosts_grid1_1_1_grid2_5" inputmode="readonly"/>
						<textbox dataattribute="unitcost" id="distcosts_grid1_1_1_grid2_6" inputmode="readonly"/>
						<textbox dataattribute="linecost" id="distcosts_grid1_1_1_grid2_7" inputmode="readonly"/>
					</section>
					<table id="distcosts_grid1_1_1_pocost_table" label="コスト" relationship="POCOST">
						<tablebody displayrowsperpage="10" id="distcosts_grid1_1_1_pocost_table_tablebody">
							<tablecol filterable="false" id="distcosts_grid1_1_1_pocost_table_tablebody_1" mxevent="toggledetailstate" mxevent_desc="詳細の表示" sortable="false" type="event"/>
							<tablecol dataattribute="percentage" id="distcosts_grid1_1_1_pocost_table_tablebody_2" linkedcontrolid="distcosts_grid1_1_1_pocost_table_1_grid4_1"/>
							<tablecol dataattribute="linecost" id="distcosts_grid1_1_1_pocost_table_tablebody_3" linkedcontrolid="distcosts_grid1_1_1_pocost_table_1_grid4_2"/>
							<tablecol dataattribute="loadedcost" id="distcosts_grid1_1_1_pocost_table_tablebody_4"/>
							<tablecol dataattribute="gldebitacct" id="distcosts_grid1_1_1_pocost_table_tablebody_5" linkedcontrolid="distcosts_grid1_1_1_pocost_table_1_grid4_3"/>
							<tablecol filterable="false" id="distcosts_grid1_1_1_pocost_table_tablebody_6" mxevent="toggledeleterow" mxevent_desc="行を削除対象にマーク" mxevent_icon="btn_garbage.gif" sortable="false" type="event"/>
						</tablebody>
						<tabledetails id="distcosts_grid1_1_1_pocost_table_1">
							<section border="false" id="distcosts_grid1_1_1_pocost_table_1_grid4">
								<textbox dataattribute="percentage" defaultfocus="true" id="distcosts_grid1_1_1_pocost_table_1_grid4_1"/>
								<textbox dataattribute="linecost" id="distcosts_grid1_1_1_pocost_table_1_grid4_2"/>
								<textbox dataattribute="gldebitacct" id="distcosts_grid1_1_1_pocost_table_1_grid4_3" lookup="glnavigator"/>
							</section>
						</tabledetails>
						<buttongroup id="distcosts_grid1_1_1_pocost_table_2">
							<pushbutton default="true" id="distcosts_grid1_1_1_pocost_table_2_1" label="新規行" mxevent="addrow"/>
						</buttongroup>
					</table>
				</sectioncol>
			</sectionrow>
		</section>
		<buttongroup id="distcosts_2">
			<pushbutton default="true" id="distcosts_2_1" label="OK" mxevent="dialogok"/>
			<pushbutton id="distcosts_2_2" label="キャンセル" mxevent="dialogcancel"/>
		</buttongroup>
	</dialog>

	<dialog beanclass="psdi.webclient.beans.po.POVendorItemBean" id="venitems" label="販売元部品" parentdatasrc="MAINRECORD" relationship="INVVENDOR">
		<table id="venitems_virtualset1" label="販売元部品" selectmode="multiple" width="800">
			<tablebody displayrowsperpage="20" filterable="true" filterexpanded="true" id="venitems_virtualset1_tablebody">
				<tablecol filterable="false" id="venitems_virtualset1_tablebody_1" mxevent="toggleselectrow" sortable="false" type="event"/>
				<tablecol dataattribute="itemnum" id="venitems_virtualset1_tablebody_2"/>
				<tablecol dataattribute="item.itemtype" id="venitems_virtualset1_tablebody_10" showfilterfield="true" sortable="false"/>
				<tablecol dataattribute="item.description" id="venitems_virtualset1_tablebody_3" showfilterfield="true" sortable="false"/>
				<tablecol dataattribute="manufacturer" id="venitems_virtualset1_tablebody_4"/>
				<tablecol dataattribute="orderQty" id="venitems_virtualset1_tablebody_5" sortable="false"/>
				<tablecol dataattribute="modelnum" id="venitems_virtualset1_tablebody_6"/>
				<tablecol dataattribute="catalogcode" id="venitems_virtualset1_tablebody_7"/>
				<tablecol dataattribute="orderunit" id="venitems_virtualset1_tablebody_8"/>
				<tablecol dataattribute="lastcost" id="venitems_virtualset1_tablebody_9"/>
			</tablebody>
		</table>
		<buttongroup id="venitems_2">
			<pushbutton default="true" id="venitems_2_1" label="OK" mxevent="dialogok"/>
			<pushbutton id="venitems_2_2" label="キャンセル" mxevent="dialogcancel"/>
		</buttongroup>
	</dialog>

	<dialog datasrc="polines_poline_table" id="viewvendor" label="販売元分析の表示">
		<section border="true" height="190" id="viewvendor_grid1">
			<sectionrow id="viewvendor_grid1_1">
				<sectioncol id="viewvendor_grid1_1_1">
					<section border="true" id="viewvendor_grid1_1_1_grid2" parentdatasrc="MAINRECORD">
						<multiparttextbox dataattribute="itemnum" descdataattribute="item.description" descinputmode="readonly" id="viewvendor_grid1_1_1_grid2_1" inputmode="readonly"/>
					</section>
					<table id="viewvendor_grid1_1_1_ViewVendorTable" relationship="INVVENDOR" width="800">
						<tablebody displayrowsperpage="10" filterable="true" filterexpanded="true" id="viewvendor_grid1_1_1_ViewVendorTable_tablebody">
							<tablecol filterable="false" id="viewvendor_grid1_1_1_ViewVendorTable_tablebody_1" mxevent="toggledetailstate" mxevent_desc="詳細の表示" sortable="false" type="event"/>
							<tablecol dataattribute="vendor" id="viewvendor_grid1_1_1_ViewVendorTable_tablebody_2" linkedcontrolid="viewvendor_grid1_1_1_ViewVendorTable_1_3_1" sortable="true"/>
							<tablecol dataattribute="manufacturer" id="viewvendor_grid1_1_1_ViewVendorTable_tablebody_3" linkedcontrolid="viewvendor_grid1_1_1_ViewVendorTable_1_3_5" sortable="true"/>
							<tablecol dataattribute="modelnum" id="viewvendor_grid1_1_1_ViewVendorTable_tablebody_4" linkedcontrolid="viewvendor_grid1_1_1_ViewVendorTable_1_3_9" sortable="true"/>
							<tablecol dataattribute="catalogcode" id="viewvendor_grid1_1_1_ViewVendorTable_tablebody_5" linkedcontrolid="viewvendor_grid1_1_1_ViewVendorTable_1_3_13" sortable="true"/>
							<tablecol dataattribute="noofcompletepos" id="viewvendor_grid1_1_1_ViewVendorTable_tablebody_6" linkedcontrolid="viewvendor_grid1_1_1_ViewVendorTable_1_3_2" sortable="false"/>
							<tablecol dataattribute="lastcost" id="viewvendor_grid1_1_1_ViewVendorTable_tablebody_7" linkedcontrolid="viewvendor_grid1_1_1_ViewVendorTable_1_3_6" sortable="true"/>
							<tablecol dataattribute="lastdate" id="viewvendor_grid1_1_1_ViewVendorTable_tablebody_8" linkedcontrolid="viewvendor_grid1_1_1_ViewVendorTable_1_3_14" sortable="true"/>
							<tablecol dataattribute="promdeliverytime" id="viewvendor_grid1_1_1_ViewVendorTable_tablebody_9" linkedcontrolid="viewvendor_grid1_1_1_ViewVendorTable_1_3_3" sortable="true"/>
							<tablecol dataattribute="contractnum" id="viewvendor_grid1_1_1_ViewVendorTable_tablebody_10" linkedcontrolid="viewvendor_grid1_1_1_ViewVendorTable_1_3_18" sortable="false"/>
						</tablebody>
						<tabledetails id="viewvendor_grid1_1_1_ViewVendorTable_1">
							<section height="140" id="viewvendor_grid1_1_1_ViewVendorTable_1_3">
								<sectionrow id="viewvendor_grid1_1_1_ViewVendorTable_1_3_row1">
									<sectioncol id="viewvendor_grid1_1_1_ViewVendorTable_1_3_row1_col1">
										<section id="viewvendor_grid1_1_1_ViewVendorTable_1_3_row1_col1_sec1">
											<textbox dataattribute="vendor" id="viewvendor_grid1_1_1_ViewVendorTable_1_3_1" inputmode="readonly"/>
											<textbox dataattribute="manufacturer" id="viewvendor_grid1_1_1_ViewVendorTable_1_3_5" inputmode="readonly"/>
											<textbox dataattribute="modelnum" id="viewvendor_grid1_1_1_ViewVendorTable_1_3_9" inputmode="readonly"/>
											<textbox dataattribute="catalogcode" id="viewvendor_grid1_1_1_ViewVendorTable_1_3_13" inputmode="readonly"/>
											<textbox dataattribute="orderunit" id="viewvendor_grid1_1_1_ViewVendorTable_1_3_17" inputmode="readonly"/>
											<textbox dataattribute="MANUFACTURER.currencycode" id="viewvendor_grid1_1_1_ViewVendorTable_1_3_10" inputmode="readonly"/>
											<textbox dataattribute="lastcost" id="viewvendor_grid1_1_1_ViewVendorTable_1_3_6" inputmode="readonly"/>
											<textbox dataattribute="lastdate" id="viewvendor_grid1_1_1_ViewVendorTable_1_3_14" inputmode="readonly"/>
										</section>
									</sectioncol>
									<sectioncol id="viewvendor_grid1_1_1_ViewVendorTable_1_3_row1_col2">
										<section id="viewvendor_grid1_1_1_ViewVendorTable_1_3_row1_col2_sec1">
											<textbox dataattribute="contractnum" id="viewvendor_grid1_1_1_ViewVendorTable_1_3_18" inputmode="readonly"/>
											<textbox dataattribute="contracttype" id="viewvendor_grid1_1_1_ViewVendorTable_1_3_24" inputmode="readonly"/>
											<textbox dataattribute="promdeliverytime" id="viewvendor_grid1_1_1_ViewVendorTable_1_3_3" inputmode="readonly"/>
											<textbox dataattribute="lastdeliverytime" id="viewvendor_grid1_1_1_ViewVendorTable_1_3_7" inputmode="readonly"/>
											<textbox dataattribute="avgdeliverytime" id="viewvendor_grid1_1_1_ViewVendorTable_1_3_11" inputmode="readonly"/>
											<textbox dataattribute="percentontime" id="viewvendor_grid1_1_1_ViewVendorTable_1_3_15" inputmode="readonly"/>
										</section>
									</sectioncol>
									<sectioncol id="viewvendor_grid1_1_1_ViewVendorTable_1_3_row1_col3">
										<section id="viewvendor_grid1_1_1_ViewVendorTable_1_3_row1_col3_sec1">
											<textbox dataattribute="noofcompletepos" id="viewvendor_grid1_1_1_ViewVendorTable_1_3_2" inputmode="readonly"/>
											<textbox dataattribute="qtyreceived" id="viewvendor_grid1_1_1_ViewVendorTable_1_3_4" inputmode="readonly"/>
											<textbox dataattribute="qtyreceivedytd" id="viewvendor_grid1_1_1_ViewVendorTable_1_3_8" inputmode="readonly"/>
											<textbox dataattribute="qtyrejected" id="viewvendor_grid1_1_1_ViewVendorTable_1_3_12" inputmode="readonly"/>
											<textbox dataattribute="qtyrejectedytd" id="viewvendor_grid1_1_1_ViewVendorTable_1_3_16" inputmode="readonly"/>
											<textbox dataattribute="percentrejected" id="viewvendor_grid1_1_1_ViewVendorTable_1_3_19" inputmode="readonly"/>
											<textbox dataattribute="percentrejectedytd" id="viewvendor_grid1_1_1_ViewVendorTable_1_3_22" inputmode="readonly"/>
										</section>
									</sectioncol>
								</sectionrow>
							</section>
						</tabledetails>
						<buttongroup id="viewvendor_grid1_1_1_ViewVendorTable_2">
							<pushbutton id="viewvendor_grid1_1_1_ViewVendorTable_2_1" label="主要販売元の設定" mxevent="nextdialog" targetid="viewvendor" value="setprimary"/>
						</buttongroup>
					</table>
				</sectioncol>
			</sectionrow>
		</section>
		<buttongroup id="viewvendor_2">
			<pushbutton default="true" id="viewvendor_2_1" label="OK" mxevent="dialogcancel"/>
		</buttongroup>
	</dialog>

	<dialog id="revhist" label="改訂履歴の表示" orderby="revisionnum desc" width="900">
		<table id="revhist_revhist_table" inputmode="readonly" label="注文書詳細" orderby="revisionnum desc" relationship="VIEWREVHIST">
			<tablebody displayrowsperpage="5" filterable="true" id="revhist_revhist_table_tablebody">
				<tablecol dataattribute="revisionnum" id="revhist_revhist_table_tablebody_3"/>
				<tablecol dataattribute="status" id="revhist_revhist_table_tablebody_4"/>
				<tablecol dataattribute="vendor" id="revhist_revhist_table_tablebody_5"/>
				<tablecol dataattribute="changeby" id="revhist_revhist_table_tablebody_9"/>
				<tablecol dataattribute="changedate" id="revhist_revhist_table_tablebody_10"/>
				<tablecol dataattribute="revcomments" id="revhist_revhist_table_tablebody_11"/>
			</tablebody>
		</table>
		<table id="revhist_comparerevhist_table" inputmode="readonly" label="注文書明細の詳細" orderby="polinenum desc" parentdatasrc="revhist_revhist_table" relationship="REVISIONLINE">
			<tablebody displayrowsperpage="8" filterable="true" id="revhist_comparerevhist_table_tablebody">
				<tablecol dataattribute="polinenum" id="revhist_comparerevhist_table_tablebody_3"/>
				<tablecol dataattribute="revisionnum" id="revhist_comparerevhist_table_tablebody_1"/>
				<tablecol dataattribute="revstatus" id="revhist_comparerevhist_table_tablebody_2"/>
				<tablecol dataattribute="linetype" id="revhist_comparerevhist_table_tablebody_4"/>
				<tablecol dataattribute="itemnum" id="revhist_comparerevhist_table_tablebody_5"/>
				<tablecol dataattribute="description" id="revhist_comparerevhist_table_tablebody_6"/>
				<tablecol dataattribute="orderqty" id="revhist_comparerevhist_table_tablebody_7"/>
				<tablecol dataattribute="unitcost" id="revhist_comparerevhist_table_tablebody_8"/>
				<tablecol dataattribute="linecost" id="revhist_comparerevhist_table_tablebody_9"/>
			</tablebody>
		</table>
		<table id="revhist_comparerevcost_table" inputmode="readonly" label="注文書のコスト詳細" orderby="costlinenum desc" parentdatasrc="revhist_comparerevhist_table" relationship="REVISIONCOST">
			<tablebody displayrowsperpage="8" filterable="true" id="revhist_comparerevcost_table_tablebody">
				<tablecol dataattribute="poline.polinenum" id="revhist_comparerevcost_table_tablebody_1"/>
				<tablecol dataattribute="costlinenum" id="revhist_comparerevcost_table_tablebody_2"/>
				<tablecol dataattribute="revisionnum" id="revhist_comparerevcost_table_tablebody_3"/>
				<tablecol dataattribute="revstatus" id="revhist_comparerevcost_table_tablebody_4"/>
				<tablecol dataattribute="percentage" id="revhist_comparerevcost_table_tablebody_5"/>
				<tablecol dataattribute="linecost" id="revhist_comparerevcost_table_tablebody_6"/>
				<tablecol dataattribute="loadedcost" id="revhist_comparerevcost_table_tablebody_7"/>
			</tablebody>
		</table>
		<buttongroup id="revhist_2">
			<pushbutton default="true" id="revhist_2_1" label="OK" mxevent="dialogclose"/>
		</buttongroup>
	</dialog>

	<dialog id="createrel" label="リリースに対する契約明細の選択" relationship="POLINE">
		<table id="createrel_polinestable" selectmode="multiple">
			<tablebody displayrowsperpage="20" filterable="true" filterexpanded="true" id="createrel_polinestable_tablebody">
				<tablecol filterable="false" id="createrel_polinestable_tablebody_1" mxevent="toggleselectrow" sortable="false" type="event"/>
				<tablecol dataattribute="polinenum" id="createrel_polinestable_tablebody_2"/>
				<tablecol dataattribute="itemnum" id="createrel_polinestable_tablebody_3"/>
				<tablecol dataattribute="description" id="createrel_polinestable_tablebody_4"/>
				<tablecol dataattribute="manufacturer" id="createrel_polinestable_tablebody_5"/>
				<tablecol dataattribute="modelnum" id="createrel_polinestable_tablebody_6"/>
				<tablecol dataattribute="catalogcode" id="createrel_polinestable_tablebody_7"/>
			</tablebody>
		</table>
		<buttongroup id="createrel_2">
			<pushbutton default="true" id="createrel_2_1" label="OK" mxevent="dialogok"/>
			<pushbutton id="createrel_2_2" label="キャンセル" mxevent="dialogcancel"/>
		</buttongroup>
	</dialog>
	<configurationblock id="datastore_configurationblock">
	</configurationblock>
</presentation>
